,Vil1.01B.FP11,Itg.18.DTT496.S91,Lyz2.02B.FP222.S70,Itg.22.FP518.S21,Lyz2.05B.DTT260.S101,Vil1.06B.DTT70,Vil1.03B.DTT35,Vil1.03B.FP35,Vil1.01B.DTT11,Vil1.13B.FP153,Vil1.07B.FP82,Lyz2.07B.FP283.S81,Itg.20.FP508.S11,Vil1.10B.FP115,Itg.24.DTT530.S25,Vil1.06B.DTT72,Itg.24.DTT531.S26,Vil1.10B.FP116,Itg.04.DTT423.S15,Vil1.04B.FP46,Lyz2.06B.DTT272.S114,Vil1.14B.FP163,Lyz2.06B.FP271.S69,Lyz2.04B.DTT246.S87,Vil1.02B.FP22,Itg.20.DTT508.S3,Lyz2.01B.FP210.S58,Lyz2.06B.DTT270.S112,Itg.16.DTT482.S77,Vil1.05B.FP58,Lyz2.03B.DTT236.S76,Vil1.04B.DTT46,Lyz2.07B.FP282.S80,Itg.16.FP484.S87,Vil1.05B.FP60,Lyz2.01B.FP212.S60,Lyz2.02B.DTT224.S64,Vil1.09B.FP105,Vil1.05B.FP59,Vil1.02B.DTT24,Vil1.08B.FP92,Vil1.02B.DTT23,Itg.20.FP507.S10,Lyz2.06B.DTT271.S113,Vil1.04B.FP48,Lyz2.07B.DTT284.S126,Lyz2.03B.FP234.S82,Vil1.04B.FP47,Vil1.09B.DTT106,Itg.24.FP530.S33,Vil1.03B.FP36,Lyz2.02B.DTT223.S63,Itg.02.FP412.S12,Lyz2.02B.FP224.S72,Lyz2.05B.FP259.S56,Itg.22.DTT519.S14,Lyz2.04B.DTT247.S88,Itg.06.DTT434.S27,Itg.04.FP422.S22,Itg.22.DTT518.S13,Itg.20.FP506.S9,Itg.02.DTT412.S4,Vil1.09B.FP104,Vil1.03B.DTT34,Itg.26.FP544.S48,Vil1.13B.FP152,Itg.10.FP460.S62,Itg.26.DTT543.S39,Itg.04.DTT424.S16,Vil1.14B.FP164,Itg.06.FP434.S35,Itg.18.FP496.S99,Itg.24.FP531.S34,Lyz2.01B.DTT210.S50,Vil1.08B.DTT96,Vil1.010B.DTT119,Vil1.05B.DTT58,Vil1.05B.DTT59,Vil1.010B.DTT120,Itg.02.FP410.S10,Itg.12.DTT470.S64,Itg.06.FP436.S37,Itg.02.DTT410.S2,Vil1.03B.FP34,Vil1.07B.FP83,Vil1.01B.FP12,Itg.26.FP543.S47,Vil1.10B.FP117,Vil1.05B.DTT60,Itg.08.DTT446.S39,Itg.26.FP542.S46,Vil1.08B.DTT95,Vil1.01B.DTT10,Itg.26.DTT542.S38,Itg.16.FP482.S85,Itg.18.DTT495.S90,Itg.12.FP471.S73,Lyz2.04B.DTT248.S89,Vil1.010B.DTT118,Itg.20.DTT507.S2,Itg.12.DTT471.S65,Lyz2.03B.DTT235.S75,Lyz2.05B.DTT258.S99,Itg.10.DTT459.S53,Itg.08.DTT447.S40,Vil1.09B.DTT107,Lyz2.08B.FP294.S92,Vil1.01B.DTT12,Vil1.013B.DTT156,Vil1.07B.DTT84,Vil1.06B.FP72,Vil1.014B.DTT167,Vil1.02B.FP24,Itg.26.DTT544.S40,Itg.04.DTT422.S14,Lyz2.08B.DTT295.S137,Lyz2.05B.FP260.S57,Itg.06.DTT435.S28,Vil1.06B.DTT71,Itg.04.FP423.S23,Itg.12.FP472.S74,Lyz2.04B.FP246.S43,Vil1.14B.FP165,Itg.16.DTT484.S79,Lyz2.06B.FP270.S68,Vil1.07B.FP84,Lyz2.04B.FP247.S44,Lyz2.01B.FP211.S59,Vil1.04B.DTT48,Itg.08.FP448.S49,Lyz2.07B.DTT282.S124,Vil1.13B.FP151,Vil1.01B.FP10,Itg.04.FP424.S24,Itg.06.DTT436.S29,Lyz2.08B.DTT296.S139,Itg.08.FP446.S47,Vil1.06B.FP71,Itg.22.DTT520.S15,Vil1.07B.DTT83,Lyz2.02B.DTT222.S62,Lyz2.01B.DTT211.S51,Lyz2.08B.FP295.S93,Lyz2.01B.DTT212.S52,Lyz2.03B.FP235.S83,Lyz2.07B.FP284.S82,Vil1.02B.DTT22,Lyz2.07B.DTT283.S125,Itg.10.FP459.S61,Itg.10.DTT458.S52,Itg.12.FP470.S72,Itg.10.FP458.S60,Vil1.08B.DTT94,Lyz2.08B.FP296.S95,Itg.02.DTT411.S3,Itg.16.FP483.S86,Lyz2.03B.FP236.S84,Lyz2.02B.FP223.S71,Itg.02.FP411.S11,Lyz2.05B.FP258.S55,Itg.06.FP435.S36,Vil1.014B.DTT168,Vil1.09B.DTT108,Vil1.02B.FP23,Itg.22.FP519.S22,Lyz2.05B.DTT259.S100,Itg.22.FP520.S23,Itg.20.DTT506.S1,Lyz2.03B.DTT234.S74,Vil1.07B.DTT82,Vil1.08B.FP91,Vil1.013B.DTT154,Vil1.04B.DTT47,Vil1.06B.FP70,Vil1.08B.FP93,Itg.08.FP447.S48,Itg.18.DTT494.S89,Itg.18.FP494.S97,Lyz2.08B.DTT294.S136,Vil1.09B.FP103,Vil1.013B.DTT155,Lyz2.06B.FP272.S70,Itg.18.FP495.S98,SLCFP072,LYZdtt342,LYZFP308,LYZFP307,LYZdtt308,LYZFP331,SLCFP131,SLCFP078,SLCFP070,SLCdtt022,LYZdtt366,SLCdtt070,SLCFP023,SLCdtt005,LYZdtt354,SLCFP022,LYZFP355,LYZdtt330,LYZFP319,SLCFP005,SLCFP024,SLCFP053,SLCdtt114,LYZFP320,SLCFP095,LYZdtt356,LYZdtt368,SLCdtt095,SLCFP077,LYZdtt367,LYZFP356,SLCdtt024,LYZFP354,SLCFP112,LYZdtt319,LYZFP332,LYZFP306,SLCFP113,LYZdtt306,SLCFP071,SLCFP004,SLCdtt113,SLCdtt004,SLCdtt112,LYZdtt355,SLCFP094,LYZdtt343,SLCdtt076,LYZdtt344,SLCFP052,SLCFP076,SLCdtt096,LYZFP330,LYZdtt318,LYZdtt332,LYZdtt320,SLCdtt078,SLCFP054,SLCdtt052,SLCFP114,SLCFP006,SLCdtt054,LYZFP343,SLCdtt006,SLCdtt077,SLCdtt132,SLCFP132,LYZFP344,LYZFP342,SLCdtt130,SLCFP096,LYZdtt307,LYZdtt331,SLCdtt053,LYZFP318,SLCFP148,SLCdtt150,SLCdtt167,SLCdtt149,SLCFP166,SLCdtt148,SLCdtt168,SLCFP150,SLCFP167,SLCdtt166,SLCFP149
2f65298490e0fe48b880145471ec54eb,37053,25002,148326,52896,6337,155,4505,67168,21859,23606,7844,12033,30473,14170,11163,209,43382,7982,96098,19005,4051,13668,16745,8166,27437,23577,148961,19433,3165,54573,42960,6352,9283,13530,13040,25721,20373,2933,92750,5476,8306,13629,39513,13511,15827,18963,116883,30017,3838,76830,31564,36504,45778,34760,4570,31559,30393,37494,96293,9340,16896,53932,3976,4287,26340,37535,49628,12502,45393,17724,67707,52431,104403,25584,217,8030,1376,583,2588,52894,38970,29184,56377,48271,17153,35027,39781,5011,194,8571,66601,764,12110,29820,5478,18395,44591,26802,4769,14833,19094,42950,7086,44510,26128,3782,16947,20482,22141,218,7756,15377,29531,28663,72186,5999,7339,53169,126,182154,25135,33528,13191,19191,12826,7201,29139,122028,4167,49744,17249,28022,32941,49646,6696,48146,20557,12870,21416,343,85120,21548,19399,46317,117007,6423,7240,2121,96366,49838,44662,74780,217,9060,34899,13296,57532,112266,101621,3991,39977,13636,2049,35064,99543,4695,44300,9643,38115,131,9032,14442,3930,12917,4514,42492,12056,42539,3300,3635,23477,22329,69160,11247,28790,46745,41651,43706,7833,19484,24897,25395,17158,7580,6329,4814,21092,18011,8908,22456,1993,130442,64562,5461,21942,18417,47724,94563,92506,13460,31773,31027,13398,13158,4518,142579,7446,25397,6571,84527,3131,15754,34037,30305,19428,14351,1663,43667,27632,11442,53059,41740,30456,71554,69090,14578,119960,14370,25121,33977,6098,24921,2926,41869,7376,80548,30207,44020,13821,9685,28369,31274,3198,45568,83609,3974,21073,25149,1746,76108,123988,126513,50200,3948,91115,33890,32414,281337,20333
c42634f8d1aad4956aa9638465e86565,9751,10653,16363,3530,7531,4,1030,3888,490,67,39857,11167,408,26045,832,8,365,18292,2953,47941,372,13864,2751,248,19763,281,11350,1802,6242,968,167,9367,10233,31706,5409,3576,1162,8565,8212,918,3899,2173,1273,1456,16630,12232,1059,47282,1489,1572,12320,973,97,3235,10133,230,508,8804,2179,499,387,48,19952,1929,7027,182,7135,1201,1372,14221,32325,13561,1599,947,10,651,8,3,276,33,25964,6226,99,18618,27741,8413,11912,12980,7,5160,10693,20,834,1492,47825,8853,39470,434,926,135,1537,84,16042,1674,12621,867,2992,1344,140,24,13920,1336,10262,3016,1528,195,9598,4567,6,6373,38296,155,11413,14297,3422,13535,67,10879,2183,16494,6131,53,10814,1365,780,964,24022,21272,550,27,2092,513,3672,887,535,7240,2072,727,14867,2489,48769,15024,8,829,54,48431,601,14486,66,11905,10810,4083,731,14943,6181,14208,3779,370,190,53,4099,24,2916,13315,2092,24151,9394,35937,456,19606,20,5974,38145,710,8210,1647,1688,696,57563,788,828,1415,13088,8149,550,16792,781,2161,21314,86166,10061,3829,1463,17544,1016,464,1696,3258,13306,8411,787,330,4064,80203,9476,44192,312,657,19436,2915,241,977,1889,919,251,536,81,7298,714,11697,525,17337,1036,568,570,114243,2022,8346,2193,442,895,709,1204,1768,285,108968,1456,390,757,525,112992,76933,103,352,822,17754,689,8578,79,9149,10465,16296,18249,17051,10137,75266,26294,1590,32806
5ae5ad642b9c2cc68c4fc59e4902ff63,8011,916,495,685,301,1,223,377,493,21,4020,6970,25477,59,795,0,65,1850,452,3775,131,733,1622,729,3012,6244,76,227,877,102,579,450,5371,8381,338,35,1303,3195,393,761,9253,1950,27098,387,1415,3013,2730,3869,54,33,985,181,1198,1676,188,217,2006,879,4,1211,12688,1018,1918,1454,459,29,230,254,211,223,6761,86,79,439,1,13,0,0,1,2013,251,1627,572,632,3792,5100,687,2939,0,19,707,2,823,318,9033,1203,521,967,158,2798,160,606,348,30,131,20,1622,205,8,0,2660,35,2558,300,412,126,122,1145,0,7,1279,610,272,1910,254,2254,444,99,726,72,6312,1,5573,203,156,697,49,8885,1860,0,155,23,943,159,1674,1939,485,495,103,35,231,91,1,1000,164,10861,1018,830,1797,279,6729,403,4,4191,1743,126,1540,1165,1054,1,3927,1,102,1551,7369,160,1913,66,368,179,0,847,24,2861,283,124,3407,1012,45,6975,44,4651,1424,233,441,165,554,15,77,1,250,1203,684,173,8420,790,169,36,17,995,24,32,1059,20,82,103,1062,136,16,4227,462,109,3425,535,499,402,50,44,516,65,50,400,3750,48,73,1214,254,333,167,57,3399,1039,313,972,361,155,1074,28,7546,5961,460,31,1900,3,2262,236,808,748,6808,1736,1467,5230,2431,7881,1437,1139,554,791,11060
f5fb42e8863737981eb6e04a3de22e29,4542,804,392,777,431,0,69,405,228,29,5424,766,4093,109,367,0,118,780,656,1916,198,1128,2573,171,1951,1834,318,411,1429,313,113,701,319,3277,914,187,300,717,1587,211,848,406,5553,797,2609,2059,1312,3986,112,238,1554,137,1822,804,947,365,321,984,59,464,981,535,562,568,1878,81,1106,610,258,738,3240,422,436,239,15,112,0,0,20,1789,771,2003,1998,524,3577,3537,963,1024,0,362,2317,23,287,987,3468,1253,1404,212,220,512,288,127,2092,163,920,74,1005,293,82,13,1289,181,1276,975,460,157,970,617,0,195,1242,223,990,1280,567,1540,268,345,218,1063,703,17,3365,228,165,655,526,4312,530,17,165,309,1328,165,1808,415,281,74,721,204,812,462,0,1349,428,5299,921,474,3037,783,2142,654,28,2346,2045,1530,1026,392,404,0,537,11,193,675,1180,995,1363,1072,208,72,16,3355,1107,565,604,194,6288,1158,1114,1941,1025,665,2633,2242,141,704,112,64,269,321,1483,3307,387,609,1132,413,580,42,171,1146,29,437,2642,695,257,358,789,294,55,10969,300,296,709,119,207,100,60,215,58,416,436,595,765,618,18,5680,418,531,557,169,832,554,487,332,299,1330,176,76,861,548,1025,785,162,7,732,2545,1643,510,595,5207,516,7505,2416,444,3970,725,4458,1507,7916
04af8257d41718f9636b8bbc789b0fcf,727,263,130,64,30,0,27,70,12,5,1118,290,469,118,179,0,42,382,273,312,65,1224,574,150,443,78,40,166,45,55,58,70,68,591,183,31,85,525,104,87,778,110,598,219,214,273,256,603,40,33,106,24,367,172,3,22,470,106,10,119,178,56,360,171,136,15,245,86,182,262,379,11,19,115,0,14,4,0,5,72,121,51,107,116,569,346,245,234,0,24,283,1,25,110,501,216,358,111,77,95,60,19,16,39,149,12,417,10,13,0,149,59,3567,97,278,46,6,152,0,18,338,31,401,185,136,397,21,136,116,95,376,1,512,85,28,97,48,504,127,0,74,11,325,42,163,94,16,61,76,37,91,24,0,230,19,751,138,319,396,10,281,236,1,1288,54,13,131,66,121,0,766,3,18,170,551,161,279,9,48,351,0,595,20,7,27,172,1240,264,0,135,25,9,490,33,31,117,164,0,43,4,14,864,28,47,72,162,160,59,5,220,11,0,257,258,52,77,316,54,0,1421,139,9,13,26,43,37,15,0,157,20,66,86,27,10,30,122,570,25,79,25,76,16,146,73,7,60,172,32,26,90,47,13,5,0,234,23,23,293,222,18,47,20,77,2158,402,327,118,38,57
3bffd5a2b1cf48b46d1e51628c3551fc,277,16,38,69,23,0,2,16,18,0,236,129,272,32,10,0,5,62,7,270,4,40,118,10,236,73,15,14,17,16,0,43,29,176,62,8,12,63,72,14,27,23,311,24,216,121,37,423,6,3,83,12,100,80,106,10,10,55,3,12,56,23,40,16,64,0,82,12,9,21,298,14,14,11,0,5,0,0,0,135,24,127,35,33,257,115,32,105,0,5,66,0,16,12,117,13,83,9,12,14,6,7,73,8,37,3,72,12,0,0,63,3,207,22,15,7,43,23,0,21,63,10,37,18,46,114,12,17,41,71,26,0,206,11,12,22,42,167,24,0,12,34,75,5,56,42,37,5,70,9,76,50,0,81,19,112,50,45,161,66,180,21,0,283,166,54,47,13,15,0,47,0,15,27,53,57,28,17,14,12,0,134,16,13,41,95,363,30,0,138,54,8,31,178,0,32,0,0,22,209,15,507,10,26,158,11,147,0,23,196,0,20,129,307,13,94,51,11,0,724,9,13,18,0,0,0,0,42,0,45,23,54,79,49,0,0,19,18,16,9,86,19,27,0,12,262,0,0,54,48,186,169,15,0,66,11,128,85,20,99,60,101,159,8,180,27,231,40,85
6d5171bbc6ef97262119e6d152d82164,365,78,98,1304,28,91,186,284,3669,0,0,0,49,0,8667,0,2146,0,575,917,35,0,0,14319,899,750,2677,1152,14332,2237,70,6241,0,59,39,32,71,0,231,523,0,1650,371,171,26,211,135,203,0,721,31,63,31,0,0,1215,3274,379,104,20820,12083,60,0,384,22,0,37,692,74,0,131,28,275,18250,0,0,313,32,0,44,908,22,264,185,0,142,64,0,0,11887,1458,0,6224,10479,661,270,48,330,0,4060,140,70,474,1994,2120,0,0,941,0,0,83,0,21,122,178,65,0,379,0,84,28,1929,0,259,64,41,157,250,40,65,518,0,2416,23,48,35,1329,746,465,0,528,1757,0,439,53,0,6150,139,97,19960,154,804,0,0,57,245,0,66,54,0,0,0,0,111,164,85,70,55121,322,0,0,0,5858,907,0,174,2660,492,48,0,0,13,65,3,16978,48,30,44,30,102,1,23,46,28262,2628,1,16,108791,2,43,64581,34,16,14,23,3,453,3,25,579,2,3,1707,29,0,15120,6,669,22,57,1,90849,34,7,22,948,3978,16722,1,68444,1,386,19,4,3,493,32,1117,388148,4,4,853,1,2,16,136,10,4,196,7,34,97,2296,1,2597,3840,2132,28,1,1,1,1,1,1,1,1452,5,39,26
235c319ab46f87d377a28a34ba10bfa1,210,170,164,364,219,0,78,171,274,1718,17,4,266,849,73,0,35,733,249,1398,30,761,8,75,1013,185,45,144,321,47,58,738,46,399,411,175,129,458,410,218,184,445,90,46,1094,160,183,105,127,27,554,304,646,163,193,141,185,452,55,110,128,330,512,346,290,1327,181,125,105,503,10,97,13,156,0,57,0,0,16,6,358,296,655,334,176,1367,258,567,0,209,68,0,189,178,171,231,64,136,110,64,111,117,684,101,187,69,103,222,1089,0,402,79,1170,231,175,39,271,211,0,15,223,12,519,346,30,709,17,87,332,285,558,1024,40,79,70,234,160,410,141,0,441,105,7,111,68,71,691,60,79,164,118,33,0,148,168,399,361,42,63,195,101,202,36,44,17,389,255,56,180,0,234,906,296,230,253,5,220,119,43,443,1637,130,62,175,161,352,368,189,103,1228,74,34,458,357,54,305,142,26,37,182,285,288,528,465,199,630,144,38,99,321,170,0,236,213,127,49,146,54,19,437,73,100,318,6,356,138,25,86,95,208,51,265,110,12,48,729,226,125,349,16,422,195,285,449,256,110,193,18,472,515,439,38,133,16,223,495,889,149,521,1193,473,1976,40,521,482,88,812,1491,4
89c209abd89a5232343a4c87c93cb4ea,222,17,39,49,50,0,189,1666,427,8,31,35,187,53,88,9,276,58,4019,17,24,12,62,12,5,133,11,71,9,964,40,0,11,118,1450,6,18,31,814,58,11,15,219,36,13,29,40,35,29,241,382,9,90,37,12,164,16,160,142,6,41,57,27,0,481,0,219,60,1146,0,606,31,1047,0,0,22,7,0,5,50,63,277,30,269,130,766,112,33,7,25,407,0,9,176,47,7,122,86,35,36,36,12,16,104,99,16,35,464,159,0,1774,301,93,608,70,28,47,279,0,2271,164,19,7,180,66,41,53,28,6,357,22,8,31,2476,91,228,94,134,82,0,16,363,68,8,39,37,0,23,461,48,114,116,0,63,26,64,58,52,124,14,550,252,91,29,602,14,241,15,18,0,17,6,0,253,0,181,0,5,3,20,31,37,44,19,1164,87,734,636,2042,39,8,7,255,76,0,95,31,1776,115,81,59,1551,97,55,0,17,289,11,83,428,0,4,221,102,20,986,15,243,697,521,10,36,10,26,5,7,6,1485,0,126,12,1334,16,37,16,261,625,1020,532,7,0,11,0,106,0,4364,60,12,32,10,1140,122,6,0,406,896,0,60,7,6581,122,596,457,3,207,23,162,1141,101
f745d265f36ea7eac26d97280e690796,380,1468,28,11,118,0,1279,26825,404,0,27,0,934,35,36,0,18,45,322,39,16,0,0,43,36,230,17,0,7,284,90,7,0,369,169,8,118,215,196,10,45,0,1039,0,30,0,9,81,84,22,1200,46,0,13,0,16,89,35,8,3,0,11,402,27,30,0,546,59,77,0,12,1594,31,16,0,19,0,0,0,0,401,42,0,2735,72,753,35,29,0,14,106,0,30,63,20,510,796,43,48,78,85,39,0,372,34,56,11,614,18,0,125,0,194,103,12,19,0,33,0,153,412,0,0,199,0,2,0,38,8,10,0,0,167,49,16,63,15,43,28,0,7,630,38,69,24,0,0,37,2602,115,1165,292,0,8,12,149,10,34,20,0,45,39,39,85,32,45,28,22,48,0,48,0,0,44,29,20,24,30,0,250,0,0,639,0,16,14,12,11,16,9,73,0,51,5,2,72,3065,11,33,7,11,17,63,31,7,4,0,0,1,37,0,179,17,9,7,15,0,13,14,10,0,15,0,31,0,52,0,21,0,12,1185,95,3,421,6,11,25,15,11,743,4,5,0,64,0,21,7733,469,5,0,13,5,0,0,29,43,0,9,0,2901,2,6,45,28,45,16,3,73,3
48082d1ff66a9207ede6bf05e9846d6e,193,236,248,419,274,0,65,153,280,40,61,95,898,503,134,0,66,402,352,414,126,1373,116,149,1376,1124,186,363,375,110,233,198,134,761,465,394,394,805,427,313,522,532,459,347,999,510,268,282,145,64,471,1398,1564,661,296,134,201,750,98,220,664,827,1055,240,1186,104,636,500,215,813,203,140,55,463,12,37,0,0,0,222,806,1009,1567,304,415,1586,1138,353,0,363,1090,14,138,328,558,269,660,195,32,245,292,359,1015,161,485,103,114,164,37,10,638,71,1623,873,352,110,234,493,0,195,1290,23,1111,834,84,668,45,526,411,1020,1146,17,309,188,125,1006,350,362,263,0,1703,416,50,348,762,248,723,91,435,229,399,150,0,452,289,845,729,668,1218,326,705,243,57,1211,123,565,481,213,298,0,593,14,230,314,419,126,270,174,98,1278,0,538,224,223,282,2592,1112,499,358,1003,742,152,598,1838,26,127,42,21,21,1416,593,393,133,348,419,855,29,11,1052,2326,13,87,1434,2837,118,404,134,43,145,1145,207,96,305,8,221,15,32,619,26,223,405,1275,225,16,17,1606,399,555,481,250,692,766,154,164,546,366,99,151,1387,869,1448,82,74,0,366,2270,1546,1138,1339,2544,1508,1813,12,1872,464,246,279,1113,53
b3111baca54677926264de26b4a9bf7a,103,0,8,3,59,0,4,18,5,7,8,0,2,0,0,0,2,11,4,0,4,3908,15,4,239,0,3,0,0,16,14,0,0,11,65,6,8,83,34,2,203,2,14,0,0,0,14,0,0,60,6,4,0,17,194,2,0,3,0,0,17,0,64,4,4,30,0,6,0,1691,5,0,0,15,0,0,0,0,0,3,0,0,6,10,13,46,653,14,0,0,15,0,3,0,0,0,4,10,0,8,0,3,5,0,3,0,28,0,3,0,43,9,654,9,2,2,77,0,0,0,0,8,1331,0,23,27,0,16,0,0,13,3,204,3,0,5,0,31,3,0,10,0,7,6,5,0,3,3,0,0,0,0,0,0,0,3,2,20,6,175,0,64,0,114,8,0,20,0,8,0,138,0,0,140,112,0,0,0,11,12,0,22,4,69,2,307,14,64,6,18,0,110,15,2,9,0,4,0,1,0,4,19,1,0,10,6,4,1,0,20,0,0,61,1,0,1,69,0,2,133,15,0,16,5,0,5,0,0,13,1,0,50,2,0,0,11,16,15,5,8,5,3,36,3,0,21,23,2,0,8,100,5,3,0,56,6,0,658,302,10,0,5,5,631,24,130,0,8,5
87c1f25ee57f851893eda4c10a460604,110,57,8,38,65,0,14,92,7,11,6,0,24,0,73,0,26,22,232,31,50,773,22,443,392,0,15,67,69,56,136,0,0,284,77,0,52,13,43,52,0,124,48,71,0,34,226,0,0,7,26,5,57,0,23,26,281,79,19,137,55,57,0,567,39,10,15,20,93,472,72,11,9,0,0,0,0,0,0,56,27,24,121,267,0,132,51,1,0,7,21,0,26,9,206,38,16,403,7,8,7,50,102,0,34,0,36,25,11,0,451,69,250,84,359,0,28,64,0,23,36,360,456,133,16,200,73,11,6,14,96,0,103,131,52,0,5,604,146,0,7,0,10,56,110,0,23,17,28,10,7,0,0,0,15,200,147,22,81,9,22,321,0,158,51,32,112,44,391,0,0,0,0,79,0,10,76,30,38,0,0,96,13,4,5,633,115,151,21,5,32,15,1064,20,53,12,9,7,21,8,0,8,7,16,9,15,6,19,7,108,22,21,49,67,13,28,35,26,7,348,12,29,19,7,16,25,4,24,490,0,199,14,10,40,78,14,188,5,17,82,0,9,7,16,4,5,17,105,14,17,30,0,4,0,189,0,5,7,679,52,412,65,49,162,356,2,287,25,2
e8ed0e081283c5963ce9860944f651c6,50,20,0,6,11,0,7,6,0,0,38,0,32,9,15,0,4,57,67,26,12,316,9,12,48,35,3,16,6,63,18,4,0,23,133,0,8,102,30,5,1162,3,56,19,17,8,18,27,0,9,65,0,13,0,4,3,28,7,0,13,199,12,78,44,0,3,21,17,9,120,3,0,3,10,0,9,0,0,0,8,36,0,0,36,31,32,68,48,0,7,7,0,0,8,0,8,16,15,0,43,0,4,11,0,26,0,19,0,16,0,104,22,47,8,22,2,4,7,0,0,63,9,143,4,13,219,5,0,0,4,32,7,39,22,8,0,3,94,37,0,0,0,8,4,0,0,5,7,3,4,16,0,0,6,3,0,0,0,9,0,0,110,0,24,3,0,40,47,17,0,620,0,0,360,1285,0,12,9,14,38,0,28,0,0,21,142,17,71,0,11,2,8,65,9,30,0,6,0,0,0,3,7,4,2,41,0,3,0,0,75,3,0,48,5,0,7,38,0,3,24,6,0,0,0,2,5,0,0,32,0,113,23,23,3,0,15,25,7,0,19,2,18,0,2,2,13,17,39,12,7,49,0,0,0,32,9,5,394,347,14,23,15,4,914,26,218,1,8,5
b3ef12a80d40902556c2fd4de5924438,37,0,23,20,0,0,4,18,2,0,216,10,29,17,0,0,0,19,0,84,2,69,11,0,36,0,31,4,0,16,0,3,7,53,34,9,13,8,43,2,22,0,25,0,41,10,51,126,0,0,60,3,11,66,13,3,0,5,0,3,0,0,5,2,20,0,10,0,0,38,48,0,0,3,0,0,0,0,0,31,6,26,8,17,176,25,6,13,0,0,22,0,0,0,52,0,19,3,0,3,2,4,5,0,3,0,14,0,0,0,74,0,30,0,0,0,0,6,0,0,20,12,39,16,5,91,3,9,2,15,5,0,38,3,4,6,2,152,3,0,13,0,15,0,60,3,4,0,17,0,30,17,0,15,0,53,57,59,24,8,30,9,0,41,49,0,15,0,11,0,41,0,5,38,16,27,0,0,0,11,0,15,0,10,9,29,138,3,48,27,9,14,8,71,0,0,0,0,3,9,8,63,5,0,11,0,15,0,7,38,0,19,56,39,0,27,9,4,0,313,0,3,18,0,0,0,0,15,0,0,7,10,11,21,0,65,4,0,0,3,4,0,4,4,6,49,3,3,4,7,22,11,0,0,10,13,5,49,7,23,4,30,91,11,12,28,46,3,58
108627a3879bcb1138b2c54c39e9f4a1,28,129,12,12,48,0,3,20,0,4,129,17,150,9,45,0,13,34,84,31,21,694,105,47,103,119,0,39,15,49,23,11,13,83,157,7,47,399,112,23,378,26,159,68,16,62,46,33,31,34,34,16,22,56,0,12,59,57,0,54,318,18,195,71,26,8,16,53,46,159,33,0,4,74,0,2,0,0,5,12,31,9,16,50,63,33,216,16,0,12,70,0,10,58,43,119,15,44,12,108,14,6,19,14,109,10,376,3,5,0,154,25,225,29,54,4,0,68,0,7,33,14,199,69,11,381,5,15,10,2,88,0,43,40,14,8,8,372,76,0,20,0,33,10,15,9,10,18,3,11,0,3,0,17,7,73,25,32,22,0,18,112,0,26,20,8,53,83,34,0,449,0,4,129,330,3,127,37,40,8,0,83,2,0,43,309,406,235,18,36,32,11,103,37,37,0,23,1,0,8,51,56,0,0,30,0,16,6,0,99,0,14,152,23,0,1,18,26,0,591,0,69,17,0,0,13,0,11,55,41,70,146,45,12,21,11,95,16,32,39,12,32,0,0,0,2,57,41,49,28,31,2,29,0,370,63,32,303,99,60,11,36,20,1149,292,244,1,10,1
2ce5f984c303607afe63f839e492f57b,84,742,322,49,185,0,45,210,18,56,113,9,558,76,179,0,44,1393,474,350,34,7157,25,104,507,400,134,59,67,307,114,53,10,296,1082,61,241,1715,498,84,9420,108,538,60,111,50,82,163,27,510,158,159,29,335,11,32,146,93,16,160,1614,28,799,504,18,49,72,75,87,2504,82,57,19,1446,0,6,0,0,0,33,114,5,26,531,174,114,4941,2092,0,34,64,1,35,115,145,698,90,160,21,381,21,13,79,16,284,15,58,37,32,0,1481,42,101,99,322,3,24,57,0,6,91,113,3841,109,9,2745,45,307,34,76,211,4,57,77,32,50,26,1459,183,0,295,129,28,205,51,4,1,50,132,19,55,38,0,47,4,167,108,387,68,18,6,409,3,48,75,29,202,312,138,0,5666,2,29,2518,10889,52,841,265,239,100,0,47,69,10,209,4359,224,1149,110,21,301,16,427,114,76,13,11,35,28,63,337,209,0,34,46,98,250,19,83,1397,7,330,721,205,2,122,194,53,424,497,22,103,40,3,23,4,2,27,125,59,407,791,33,519,7,164,588,1092,253,200,14,17,84,11,3,190,68,168,91,45,1083,30,7,0,423,374,19,8957,1614,148,1555,160,35,2618,613,2334,61,47,108
a30dd65fa0f17c9ffe88b70cc66d024b,11,4,3,0,0,0,2,0,0,0,28,7,30,5,2,0,0,17,0,13,0,8,5,3,4,0,0,0,0,0,0,2,3,16,8,0,2,16,6,0,8,0,18,0,8,0,7,14,0,0,5,0,16,6,3,2,0,0,0,2,13,3,5,0,3,0,5,2,3,3,17,0,0,0,0,3,0,0,0,11,0,3,0,0,12,3,0,33,0,0,6,0,0,0,17,0,7,0,0,0,0,0,2,0,3,0,10,0,0,0,8,0,9,0,3,0,0,4,0,0,7,3,8,7,0,22,0,0,9,4,2,0,8,7,0,11,4,15,2,0,0,0,12,0,0,5,0,0,3,0,4,4,0,20,4,18,0,6,15,3,15,2,0,12,7,0,3,0,7,0,11,0,0,0,9,5,0,0,0,0,0,0,0,3,3,4,14,0,0,9,5,5,6,3,0,5,0,0,0,0,0,24,3,0,14,6,4,3,4,11,0,0,6,12,0,4,6,3,0,28,3,0,11,3,0,0,0,0,7,0,3,0,9,5,0,16,0,0,0,3,0,0,4,3,0,4,0,0,7,3,0,5,0,0,4,0,0,5,6,0,0,8,8,8,0,3,4,2,21
4c8288bfbd76958c0c094d87b97650f8,14,292,9,0,382,7894,847,301,487,1278,9,5,0,12,1221,14154,608,17,276,15,1827,8,18,43,12,333,11,767,60,347,97,668,0,8,42,22,201,0,47,828,0,662,10,253,5,240,8,7,16153,6,131,95,0,32,3,137,277,589,6,211,20,234,5,235,7,246,7,1408,206,8,8,16,12,114,21438,23410,16360,8700,10621,0,22,12,179,94,0,90,14,14,12093,41,8,17632,298,238,6,425,0,5678,16298,259,53,155,48,86,406,19453,7,625,6295,10720,15,739,24,295,73,104,17,251,12560,9,10,18,21,253,17,59,6,12,942,12,308,164,8,15,70,232,0,60,271,7240,88,10413,28,247,7,6,311,1637,6,55,0,0,19407,7,48,9,0,0,0,0,0,4760,10467,16,0,128,10,628,202,10620,5,4733,1609,13,0,0,253,6,196,0,1932,5,0,0,510,385,342,773,352,0,0,0,111,210,0,0,161,160,0,111,243,169,208,0,0,747,87,0,226,1800,0,0,179,217,0,329,0,349,561,398,0,247,0,64,36,88,0,248,0,217,79,636,41,0,0,545,535,240,194,41,0,14,0,148,0,374,302,52,0,0,365,146,36,0,781,426,15,305,1960,1,1,1,5,1,1,69,4,1,21
fbbeae3dceada6928b2cdc472f5d9901,122,0,0,0,0,13,45,325,32,7317,0,36,0,1864,186,19,97,940,38,904,125,266,40,0,183,0,0,0,0,105,0,205,0,0,87,41,0,360,541,75,88,47,0,0,519,0,0,1352,63,0,331,0,0,0,0,26,139,0,0,26,0,0,889,116,0,15503,0,44,0,161,0,0,0,36,30,77,0,0,17,0,0,0,0,210,77,213,0,806,0,0,0,22,1,0,0,0,0,142,66,0,0,0,0,33,90,39,38,43,700,16,75,51,119,39,0,14,24,35,0,0,49,63,219,29,0,123,0,0,74,0,20,9870,112,0,0,0,0,225,58,0,0,488,48,0,0,21,25,192,0,0,0,56,43,24,0,0,0,0,0,0,0,146,17,157,0,82,0,31,0,0,75,915,81,41,75,0,0,0,8,913,824,0,0,568,8,4,1,122,1,4,1,3523,37,8,29,114,2,2,8,1,1,1,1,208,649,29,1,1,6,60,1,0,6,2,7,1,90,9,1,2,42,1,2299,1,19,1,1,6,1,2,1,11,716,1,1,1,27,6,7,2,554,81,17,2,32,1,3,1,6,7,51,1,1,0,16,4,143,2,727,145,39,573,21,512,20,1,1,1,4570
f9130f059b9380b9961aef118b3a529e,23,79,9,6,29,0,12,33,8,4,62,13,63,48,53,0,8,194,80,24,9,559,45,38,60,19,0,22,15,52,16,20,16,86,181,0,51,195,46,22,1263,32,85,36,6,45,40,27,6,33,62,7,12,23,0,13,68,70,3,61,271,7,238,100,7,14,29,38,31,214,37,11,3,72,3,0,0,0,0,6,52,7,15,58,60,24,189,203,0,13,29,3,17,19,37,80,6,34,8,28,12,6,11,18,81,0,34,5,5,0,151,20,41,14,50,8,0,70,0,5,36,21,270,55,7,334,0,9,5,8,103,0,15,62,14,8,13,336,65,0,27,0,15,5,6,5,0,18,10,14,9,0,0,7,0,53,6,11,12,3,13,97,0,5,17,3,44,28,57,0,540,0,8,242,500,11,103,27,26,60,0,40,0,10,99,522,119,163,9,13,13,0,209,36,11,0,23,0,0,0,44,30,0,0,30,4,0,0,7,93,0,4,77,17,0,1,10,2,2,165,4,8,12,0,0,5,0,17,59,28,72,122,12,8,16,34,221,87,0,17,6,6,0,4,0,3,2,21,25,10,38,0,8,0,135,37,9,392,278,39,60,53,17,650,157,292,0,2,5
f0deb5bac19f248fce27d93d918d3464,6,9,3,0,0,0,2,3,0,0,9,15,15,59,8,0,5,123,8,20,0,48,7,5,4,3,0,3,2,0,2,4,16,13,6,0,5,227,6,0,23,0,30,5,4,17,5,20,14,3,4,0,9,5,2,0,20,5,0,2,20,3,129,3,0,0,0,6,4,16,23,0,0,7,0,2,0,0,0,4,6,0,0,0,19,0,6,119,0,0,6,0,0,5,7,3,0,5,11,3,2,0,0,3,13,8,3,0,2,0,7,4,3,2,5,0,2,14,0,0,8,3,22,0,0,16,0,7,6,0,23,0,5,3,3,2,0,11,4,0,0,0,8,3,2,10,0,7,0,0,0,0,0,0,0,8,2,8,8,0,16,7,0,3,2,0,5,5,0,0,25,0,0,12,25,0,3,0,2,109,0,9,0,0,0,137,20,14,0,6,0,10,11,9,0,0,0,0,0,0,0,19,0,0,6,0,9,7,0,15,0,0,0,15,0,9,8,0,0,47,9,0,8,0,0,0,4,0,0,0,18,0,0,0,10,13,0,0,0,0,0,0,4,0,0,0,8,0,0,6,0,0,0,0,0,0,0,15,34,0,12,2,2,34,18,4,0,0,16
ad4e760fa406db6470c29766422a47d2,1,98,8,3,7,0,16,15,1,92,18,4,5,137,124,0,15,648,261,36,9,959,3,79,26,34,3,17,45,19,5,21,5,50,345,4,115,665,7,59,1032,80,1,49,15,78,5,16,1,17,25,6,1,24,4,15,221,136,1,159,485,1,654,80,1,42,1,70,164,484,1,1,0,56,0,4,0,0,3,1,16,1,8,21,10,1,191,832,0,6,2,0,5,48,14,80,1,61,8,84,14,16,3,6,120,1,15,1,10,0,211,16,1,11,726,12,0,359,0,0,5,3,887,75,1,778,1,2,8,0,135,22,1,33,80,52,5,596,133,0,25,0,5,21,5,7,1,43,5,2,1,0,0,25,1,16,2,11,1,2,1,143,1,1,5,4,7,25,72,0,1501,10,4,295,1143,1,121,12,157,208,0,31,2,0,98,5875,35,1143,26,0,0,0,69,176,0,0,0,47,0,0,155,22,0,0,0,0,0,0,142,548,0,0,188,75,0,147,0,29,78,59,0,16,0,0,0,0,0,60,7,60,9,411,0,0,0,88,305,464,98,4,0,4,0,0,0,111,0,6,6,0,318,0,0,0,216,119,0,1264,137,8,177,2,6,187,3690,2027,56,1,0
292a57429f3bed0adc53c07dc4c62c9f,7,27,0,2,9,0,9,8,6,2,5,1,6,30,48,0,13,258,77,7,17,284,0,28,27,28,0,27,15,20,9,5,0,11,85,0,2,571,8,15,335,23,5,65,3,48,4,4,26,9,18,0,0,2,0,8,69,17,0,43,137,4,453,56,0,3,2,40,20,182,2,0,0,61,0,10,0,0,2,0,21,1,3,21,16,14,39,284,0,6,9,0,22,28,4,19,5,18,28,35,11,5,9,9,40,9,10,6,7,0,126,37,8,14,86,4,0,26,0,2,6,28,188,15,2,160,7,0,3,0,42,2,5,17,11,15,0,243,40,0,4,0,4,4,0,1,2,29,0,7,2,0,0,3,0,2,2,0,0,0,4,167,4,4,2,0,8,36,19,0,207,2,2,184,389,0,30,7,12,48,0,9,0,0,45,395,18,156,0,0,0,0,30,16,9,0,0,0,0,0,71,41,0,0,0,0,0,0,0,142,0,0,59,0,0,0,0,11,0,15,0,35,0,0,10,0,0,22,0,18,101,81,0,0,0,23,204,59,33,30,0,0,0,0,0,16,0,36,0,0,64,0,0,0,38,76,0,170,194,53,24,55,0,484,37,49,1,2,0
e5450be8d98da604aa4a1fa0ed722fe1,7,0,3,0,0,0,0,0,0,0,13,0,1,0,0,0,0,0,0,4,0,5,0,0,4,0,3,0,0,0,0,0,0,5,2,0,0,0,0,0,0,0,0,0,2,2,7,4,0,0,5,0,0,5,2,0,0,0,0,0,0,0,0,0,0,0,0,0,0,2,2,0,0,0,0,0,0,0,0,0,0,3,0,0,11,3,0,2,0,0,0,0,0,0,4,0,0,0,0,0,0,0,0,0,0,0,2,0,0,0,2,0,0,0,0,0,0,0,0,0,0,0,0,3,0,6,0,0,0,0,0,0,5,0,0,0,0,14,0,0,0,0,0,0,5,2,0,0,0,0,2,3,0,5,0,3,4,3,0,2,0,0,0,6,0,0,0,0,0,0,3,0,0,1,0,0,0,0,0,2,0,4,0,0,0,4,0,0,6,0,0,0,0,6,0,0,0,0,0,0,0,9,0,0,0,0,0,0,0,4,0,0,5,1,0,0,0,0,0,12,0,0,0,0,0,0,0,0,0,0,0,0,3,0,0,10,0,0,0,0,0,0,0,0,0,0,0,0,0,0,0,0,0,0,0,0,0,6,0,2,0,10,2,0,0,2,2,0,3
49e9cee41713f4c00f8b171ecaff09b5,8,3,0,0,2,0,0,0,0,0,23,16,5,6,9,0,0,48,30,19,0,120,43,4,36,0,0,5,0,17,3,0,6,7,58,0,3,157,21,5,289,6,10,0,2,3,10,7,0,6,13,0,5,0,0,0,0,0,0,6,53,0,99,17,3,2,12,0,2,64,2,0,0,0,0,0,0,0,0,5,6,0,4,14,11,14,17,43,0,0,9,0,0,5,0,7,9,2,0,2,0,0,2,0,8,0,47,0,3,0,26,0,21,5,2,0,2,0,0,0,15,7,100,0,6,87,0,0,2,0,14,0,13,13,2,0,0,71,2,0,0,0,8,0,0,0,0,0,2,0,3,0,0,2,0,0,0,2,2,0,0,23,0,12,2,0,10,0,0,0,269,0,0,108,252,2,7,7,14,15,0,23,0,4,12,200,21,35,0,0,0,0,6,0,3,0,0,0,0,0,6,8,0,0,5,0,0,0,0,9,4,0,8,0,0,0,3,0,7,65,0,0,7,0,0,0,0,0,12,4,11,7,15,0,0,3,8,4,0,5,4,6,0,0,0,0,5,4,0,0,36,0,0,0,27,0,0,149,103,3,4,0,2,221,3,44,0,15,4
f5bf4e20e8a4c371b702c2cf491f56e8,1,63,0,1,1,0,2,13,0,229,1,0,0,1,17,0,6,1,30,2,10,917,3,57,52,12,0,5,0,3,1,0,0,6,81,1,7,0,5,6,96,3,4,18,2,2,2,2,0,6,15,6,1,1,0,5,195,16,0,37,96,1,0,224,3,54,2,4,6,441,5,1,0,31,0,0,0,0,0,2,4,2,2,34,1,2,151,2,0,2,5,0,1,3,0,68,0,17,2,28,3,2,3,3,4,0,0,0,61,0,155,5,4,4,15,0,0,6,0,0,2,5,679,1,2,364,0,1,0,1,8,80,3,3,5,0,1,32,24,0,4,0,1,1,0,0,0,10,3,1,2,0,0,0,0,0,1,2,2,0,2,49,0,2,0,1,8,17,2,0,50,361,0,29,131,1,93,4,12,1,16,2,2,0,93,426,33,29,16,0,0,0,0,12,10,0,0,0,0,0,0,0,0,0,0,9,12,0,0,65,0,0,28,0,0,0,0,0,0,178,0,0,0,0,0,31,0,0,0,58,24,170,0,12,0,0,131,48,54,20,0,0,0,0,0,21,8,15,0,0,69,17,0,0,75,46,0,712,494,13,4,38,6,354,3,37,0,1,5
18285598fe8215895e323b758326f2e2,4,0,0,0,9,0,0,0,0,0,0,0,0,0,6,0,0,10,9,0,0,0,0,4,3,0,0,0,6,3,4,0,0,4,5,0,0,6,4,0,29,0,0,0,0,3,0,0,0,0,0,3,0,0,0,3,9,0,0,8,0,0,8,0,0,0,0,0,0,0,0,0,0,14,0,0,0,0,0,0,5,0,0,4,3,3,7,7,0,0,0,0,0,0,0,0,0,5,3,0,0,0,5,3,0,0,0,0,0,0,6,0,0,0,0,0,0,0,0,0,0,0,0,7,0,10,0,0,0,0,3,0,0,0,0,0,0,20,8,0,0,0,0,0,0,0,0,2,0,5,0,0,0,0,0,0,0,0,0,0,0,0,0,0,0,5,5,0,0,0,26,0,0,17,28,0,0,0,3,5,0,0,0,0,0,15,0,3,0,0,0,0,10,4,0,0,5,0,0,0,3,0,0,0,0,0,0,0,0,4,0,0,0,0,0,0,0,0,0,0,0,0,0,0,0,0,0,0,3,0,4,11,0,0,5,0,5,10,0,0,0,0,0,0,0,0,0,0,3,0,0,0,0,0,0,7,5,14,17,3,0,1,0,60,3,12,0,0,0
9ff8565480eb4d1ae1feec02a0dfce35,11,25,1062,10718,3061,0,422,4047,0,109,0,75,12,12280,2695,0,674,9794,1146,29,333,10975,492,80,3174,68,113,19358,132,2016,108,7,39,892,810,13,33,11393,669,887,21,1315,19,1358,0,5862,60,14,1143,29293,987,148,19557,158,584,476,150,449,2198,1668,260,2086,14810,1159,5563,290,1049,998,1036,10967,728,8,958,43,0,291,8,0,133,12616,695,335,20920,4884,11,80,3314,8271,0,127,13159,0,0,2171,384,27,1151,169,1155,87,187,92,1602,174,311,399,221,0,192,0,44,453,3988,1076,1499,31,4446,582,0,1134,917,48,11388,258,7982,256,14,232,25,800,1121,113,30,1090,115,34,440,78,1400,0,419,9,260,23,41,82,1261,119,2257,189,2501,1323,0,48,1958,365,26,432,37355,673,287,1869,185,2008,269,1082,2202,72,254,0,22,10,24,36,29,195,13,40,865,9920,11,339,23,740,1257,171,324,280,115848,24,127,1122,1690,155,481,582,79,259,1788,104,8897,172,32,481,41,440,91,48,207,207,73,32,110,116,178,315,1236,80,153545,366,512,178,629,0,115,19,58,85,34,175,352,375,101,82,136,44829,446,25779,376,275,0,253,676,36,46,284,116,192,91,26,382,100,38,25,253,13635,279,5884,1139,2351,98,46,22857,6755,1087,13,1,8,1
028e2c1b650e2e2b5847154a153e0166,5,0,0,0,0,0,7,0,17,13,8,8,0,5,111,13,92,5,48,4,129,10,5,0,5,0,0,19,0,0,10,8,4,0,16,0,70,11,8,19,6,0,0,74,0,14,4,5,17,0,1,0,0,22,0,0,0,0,4,14,0,15,12,0,0,14,0,0,27,8,0,0,0,0,21,23,7,0,9,0,0,5,0,1,0,11,0,9,0,0,0,10,0,0,0,20,0,120,12,19,0,15,0,21,49,0,6,1,84,0,115,506,0,14,0,18,0,28,0,11,0,3,18,11,3,14,7,0,0,0,7,9,4,0,6,108,0,10,9,0,0,0,12,10,0,0,0,218,0,0,0,0,10,1,9,0,5,7,0,4,5,1996,0,0,0,36,0,8,0,6,4,319,7,30,5,0,0,0,11,0,53,10,0,0,0,17,14,22,16,0,0,0,6,12,0,0,320,17,0,6,26,19,7,0,0,2,4,0,22,0,0,0,19,11,2,22,3,9,12,24,0,17,0,2,2,10,0,6,0,8,710,24,0,0,0,26,33,18,27,401,0,2,0,7,0,18,806,169,2,2,0,9,0,0,18,23,0,21,0,390,169,2316,0,0,597,0,0,0,0
8fde870b4c3464dbd28fb743c07f36f1,2,0,0,3,0,0,0,2,0,0,6,0,0,162,0,0,0,150,2,4,0,0,0,0,5,2,0,0,0,0,0,0,0,6,0,0,0,20,0,4,5,0,5,0,2,2,0,4,0,0,0,0,0,0,0,0,0,0,0,0,6,0,27,3,0,0,0,0,0,0,0,0,0,0,0,0,0,0,0,0,0,0,0,4,3,0,3,128,0,0,0,0,0,0,2,3,0,0,0,0,0,0,0,0,0,0,0,0,0,0,5,0,7,0,0,0,0,0,0,0,3,0,0,0,0,12,0,2,0,0,2,0,0,3,0,0,0,8,2,0,0,0,0,0,0,0,0,0,0,0,0,0,0,0,0,3,0,0,0,2,0,0,0,0,0,0,0,0,0,0,19,0,0,2,19,3,0,0,2,41,0,0,0,0,0,12,0,6,0,0,3,3,4,0,0,0,0,0,0,0,0,0,0,4,0,0,0,0,0,0,0,0,0,3,0,0,0,0,0,4,0,0,0,0,0,0,0,0,0,0,0,0,0,0,0,0,15,0,0,0,0,0,0,0,0,0,0,0,0,0,12,0,0,0,4,0,0,5,10,3,6,0,0,9,0,3,0,0,0
3311c81da0640c29e6d9ed4f0529d3d5,2,6,0,0,0,0,25,2,0,0,17,0,3,0,6,0,2,0,2,21,0,58,0,0,10,0,0,0,2,0,0,2,0,16,4,0,0,115,3,0,0,0,0,0,14,0,0,27,12,0,2,0,30,0,0,0,0,2,0,0,2,9,72,33,2,0,2,0,7,14,0,0,0,0,0,0,0,0,0,16,0,0,4,2,2,0,0,0,0,0,3,0,3,0,7,6,5,0,0,0,0,0,0,0,17,2,0,0,0,0,5,2,7,0,3,0,0,5,0,0,8,0,30,2,0,32,0,0,3,3,0,0,2,2,0,0,0,24,4,0,0,0,0,0,0,0,0,0,0,0,0,0,0,0,0,6,0,0,12,0,0,3,0,2,0,0,0,0,0,0,0,0,0,5,0,9,3,0,0,44,0,0,0,0,0,0,0,0,0,0,7,0,10,0,0,0,0,0,0,0,0,0,0,0,0,0,0,0,0,0,0,0,0,0,0,0,4,0,0,0,4,0,0,0,0,0,0,0,0,0,11,0,0,0,0,0,0,0,0,5,0,0,0,0,0,0,12,13,0,0,0,0,0,0,0,0,0,0,39,2,0,10,0,37,0,0,0,0,3
4aa01b032f6f21994f27fd7c9ef08933,2,0,0,0,0,0,0,0,0,0,0,0,0,0,0,0,0,2,0,0,0,9,0,0,0,0,0,0,0,0,0,0,0,0,3,0,0,5,0,0,16,0,0,0,0,0,0,0,0,0,0,0,0,0,0,0,0,0,0,0,0,0,5,0,0,0,0,0,0,7,0,0,0,0,0,0,0,0,0,0,0,0,0,0,0,0,5,0,0,0,0,0,0,0,0,0,0,0,0,0,0,0,0,0,0,0,0,0,0,0,0,0,0,0,0,0,0,0,0,0,0,0,8,0,0,5,0,0,0,0,2,0,0,0,0,0,0,0,0,0,0,0,0,0,0,0,0,0,0,0,0,0,0,0,0,0,0,0,0,0,0,4,0,0,0,0,0,0,0,0,13,0,0,4,15,2,0,0,0,0,0,0,0,0,0,6,0,0,0,0,0,0,0,0,0,0,0,0,0,0,0,0,0,0,0,0,0,0,0,0,0,0,0,0,0,0,0,0,0,0,0,0,0,0,0,0,0,0,0,0,0,0,0,0,0,0,0,0,0,0,0,0,0,0,0,0,0,0,0,0,0,0,0,0,0,0,0,10,4,0,0,0,0,5,0,2,0,0,0
cb48af0355580e3a4cfe6d22f05b6b14,2656,655,383,65,256,1,25,64,243,5685,7802,1164,7547,61,349,0,217,170,494,2138,203,3108,669,241,734,1727,61,166,163,290,128,606,810,2244,734,28,534,2104,505,168,1118,275,9720,258,922,1192,601,2256,14,67,201,119,316,701,216,95,718,548,2,184,2790,182,892,231,122,4602,656,109,262,1505,4862,94,53,408,0,12,7,69,0,487,233,514,158,89,1968,502,555,121,0,89,179,10,173,103,3050,831,753,515,28,807,217,44,367,88,517,96,2315,268,1830,0,915,354,865,101,420,268,183,817,0,21,1138,109,2136,576,106,1441,83,30,871,193,902,1764,1233,290,223,1082,184,4055,426,1,148,223,1598,130,152,227,130,177,213,86,297,79,6,938,48,3214,105,457,502,324,4034,1333,1,1381,30,321,173,417,255,9,509,1727,131,605,782,354,818,194,334,57,715,294,71,337,105,1339,5936,28619,36,1070,87,443,1063,148,70,130,27,4,66,4,176,2412,114,128,1232,938,347,135,99,1421,12,32,905,343,70,124,1449,340,9,6841,683,74,496,72,538,27,75,26,322,131,637,133,827,148,106,356,1926,127,178,261,602,305,458,101,136,45,73,137,647,847,231,49,145,0,6675,106,271,965,3237,3861,366,14483,575,3301,450,1523,43,143,5804
b08002696e45f7e121334d154e2f5d4a,2,0,0,2,0,0,0,6,0,0,0,0,0,4,0,0,0,18,5,0,0,1,0,0,6,0,4,9,0,0,0,2,0,3,1,0,3,20,0,0,20,7,3,5,3,8,0,0,0,0,3,0,0,2,0,3,0,0,0,9,0,0,16,4,0,0,0,0,0,0,1,0,0,12,0,0,0,0,0,0,5,0,0,3,0,1,9,19,0,0,0,0,0,0,0,0,0,0,0,0,0,0,4,0,7,0,3,0,0,0,6,0,2,0,0,0,0,0,0,0,4,0,3,0,0,0,0,3,2,3,9,0,0,0,5,5,0,4,12,0,0,0,2,1,0,0,0,3,0,0,0,0,0,7,0,0,0,0,0,0,0,0,0,0,0,0,8,0,3,0,16,0,6,6,18,2,0,0,0,9,0,2,0,0,0,19,0,0,0,4,0,0,25,0,4,0,0,0,0,0,0,0,0,0,0,0,0,0,0,0,0,0,0,0,4,0,4,0,0,0,0,0,0,0,0,0,0,0,0,0,0,5,0,0,7,0,5,0,0,0,0,0,0,0,0,0,0,0,0,0,0,0,0,0,0,0,4,14,10,17,0,0,0,28,8,0,0,1,0
204736c3bd4a4c1f840e9fc99a5155d2,3,23,7,0,11,0,13,42,3,186,35,0,13,10,41,0,9,304,51,29,8,72,11,16,66,34,0,19,8,14,6,14,6,18,32,0,38,139,27,3,24,11,6,21,25,18,10,5,22,4,59,3,32,21,0,5,37,30,0,18,57,29,118,433,0,43,5,26,24,24,7,0,0,10,0,6,0,0,0,4,15,11,16,30,18,14,20,199,0,6,8,0,3,26,4,21,0,22,21,17,7,0,21,5,42,9,7,3,32,0,58,5,7,12,61,4,0,38,0,0,17,11,30,26,3,59,3,0,15,0,33,21,7,18,5,40,3,131,23,0,6,0,2,15,0,3,13,7,3,6,3,0,0,18,7,12,3,3,7,6,6,34,0,16,3,3,6,22,25,0,17,88,5,34,32,0,20,6,7,11,10,7,0,5,7,21,13,17,7,28,0,0,207,45,8,10,12,0,11,0,24,0,0,17,32,24,0,0,14,23,0,0,14,12,19,0,5,0,0,18,7,0,5,0,5,11,0,0,22,11,0,28,22,0,7,10,17,23,0,7,29,37,4,8,6,7,7,0,37,16,50,0,9,0,17,13,31,16,264,12,2,14,8,342,10,26,1,4,12
bbf6f74f140636ff3f33ef2bc3d892a3,13,32,7,7,0,0,21,27,1,3,125,4,11,2044,49,0,19,1414,112,92,6,150,14,2,67,11,1,2,12,15,5,12,1,52,158,0,10,1264,29,5,86,1,31,15,46,34,17,53,47,3,14,1,36,11,0,1,15,10,0,31,124,9,1116,130,1,2,4,7,138,57,7,0,0,8,0,7,0,0,0,16,4,3,3,68,59,9,29,1029,0,3,5,0,7,17,67,30,14,2,82,36,4,0,2,2,25,6,93,0,3,0,140,6,26,7,128,2,0,13,0,2,22,2,146,31,0,377,2,3,18,2,28,0,19,147,15,33,3,285,28,0,2,0,15,2,5,0,0,11,6,5,1,0,0,39,1,38,3,14,17,3,6,57,0,1,6,0,6,16,10,0,147,0,19,45,103,9,17,2,8,1067,0,107,0,15,0,249,28,42,0,0,20,30,122,0,0,20,16,0,40,10,0,17,8,20,24,9,0,37,5,9,13,0,9,47,6,33,80,0,11,95,31,10,5,7,0,0,0,0,125,0,31,0,12,0,17,0,24,0,7,14,6,0,39,35,0,0,49,4,0,0,0,0,0,0,19,0,4,21,453,41,1,18,1,471,31,0,2,2,10
6f06d4c3412c12274598b1a4bc468d3a,0,163,1,1,1,0,1,1,1,0,1,0,1,1,1,0,1,134,3,1,1,215,0,1,1,1,1,1,1,1,1,1,1,10,1248,1,1,156,1,1,431,1,1,1,0,1,1,0,1,1,1,1,1,1,0,1,1,1,1,1,2928,1,142,16461,1,1,1,1,1,775,1,0,1,1,1,1,1,0,0,0,1,0,1,1,0,1,163,39,0,1,1,1,1,1,1,1109,1,1,1,495,1,1,1,1,5,1,1,1,1,0,30,3,1,1,1,1,0,1,1,1,1,1,69,1,1,168,0,1,1,1,1,0,0,1,2,1,1,1655,1,0,1,1,0,1,1,0,1,7,1,1,1,0,0,1,1,1,0,1,1,0,1,274,1,1,1,1,1,1,1,0,3,1,1,467,3419,1,6189,1,1,1,1,1,1,0,1,25,1,1,1,0,0,1,1,1,1,0,0,1,0,1,1,1,0,0,1,0,1,0,1,1,0,0,1,1,1,1,0,1,1,1,0,1,0,1,0,0,0,1,0,1,1,2,0,0,0,1,1,2,1,0,0,0,0,0,0,1,0,0,0,0,1,1,0,0,1,1,1,3,0,0,0,0,0,0,1488,1133,0,0,0
c8433912bf1d2d7d9dd177739211ae41,0,19,0,1,17,0,8,2,1,7,0,0,1,203,112,0,8,1043,97,15,27,834,1,39,27,35,0,50,7,19,2,14,0,11,217,0,22,481,2,31,731,85,1,71,0,5,0,0,13,2,15,2,0,1,0,5,80,18,0,37,792,0,640,52,1,6,1,19,51,297,4,0,0,33,0,1,0,0,0,0,18,0,2,24,1,11,47,1541,0,14,2,0,22,21,0,28,1,10,19,145,7,0,2,14,168,3,6,2,3,0,134,19,1,5,202,9,0,45,0,0,5,0,343,12,1,214,0,1,1,1,32,0,0,3,21,11,1,157,39,0,5,0,3,6,0,0,3,7,5,8,1,1,1,1,1,5,1,0,1,0,0,141,1,3,1,2,2,79,13,0,1167,0,4,323,851,0,53,1,47,97,0,1,1,0,159,966,35,211,20,0,2,0,55,86,4,0,0,25,0,0,159,0,0,0,0,2,26,0,38,217,0,0,89,30,0,27,0,23,0,22,0,54,0,0,0,0,0,47,22,74,138,207,0,0,0,25,283,178,64,35,0,3,0,0,0,30,2,19,5,0,23,0,0,0,119,102,0,694,75,2,3,4,0,70,248,2415,9,1,1
8a8c39a3e855256f236f71f39bf300aa,0,0,0,0,15,0,3,8,0,0,0,0,0,0,0,0,0,0,11,0,0,0,0,0,17,0,0,0,0,0,0,0,0,4,3,3,8,0,5,15,0,19,6,0,0,0,0,0,0,0,14,0,0,0,0,7,0,0,0,14,0,0,0,16,0,0,0,3,0,0,4,0,0,40,0,0,0,0,0,0,21,0,0,11,0,0,36,0,0,8,0,0,6,0,0,6,0,0,0,0,12,0,0,12,31,0,0,3,0,0,4,0,0,0,0,0,0,5,0,0,8,0,0,0,0,7,0,7,0,0,0,0,0,0,0,0,4,0,16,0,8,0,0,4,0,0,0,0,0,9,0,0,0,0,0,0,0,0,0,0,0,0,0,0,5,3,9,4,0,0,0,0,0,0,0,0,0,0,0,0,0,0,0,0,0,0,0,0,4,0,0,0,0,4,0,0,0,0,0,0,15,0,0,0,0,0,0,0,0,21,0,0,3,0,0,0,0,0,8,3,0,0,0,0,0,0,0,0,28,3,0,10,0,0,0,4,0,32,0,0,0,4,0,0,0,0,0,0,4,0,0,0,0,0,0,19,0,105,2,13,2,0,7,1,25,36,0,1,2
a172874a13d3e6df1391f0797d95d6bc,0,28,17,0,5,0,4,11,3,3,28,0,2,89,33,0,14,122,32,9,5,112,0,13,30,7,4,19,7,19,4,6,7,6,65,0,51,142,7,10,51,15,0,13,4,23,0,0,11,7,11,8,3,17,0,4,12,15,0,11,78,7,150,29,0,3,2,20,10,55,5,0,0,12,0,0,0,0,0,0,7,0,4,24,11,0,17,129,0,8,7,0,4,37,0,30,0,8,9,14,4,0,0,7,43,5,2,3,3,0,60,6,3,10,39,5,0,21,0,0,10,0,74,6,0,166,0,0,5,0,32,0,0,8,6,46,2,126,9,0,13,0,2,3,0,2,0,14,0,7,3,0,0,26,0,5,0,0,0,0,0,42,0,4,0,0,2,13,21,0,82,0,0,67,62,0,46,7,8,58,0,6,0,0,7,209,0,46,0,0,0,0,44,37,0,7,4,0,0,0,0,0,0,0,0,0,0,0,17,135,0,0,27,0,8,0,12,0,0,14,0,0,0,0,0,0,0,18,35,0,0,11,0,0,0,0,77,31,0,0,0,0,10,0,0,0,21,0,10,9,0,0,0,0,15,0,0,126,249,9,1,13,1,217,40,4,1,4,3
762fd96b2d1336974fba68fedd33fefa,4,25,0,0,0,0,60,7,5,8471,6,0,0,740,47,0,15,813,61,7,64,82,3,44,42,18,0,15,28,13,11,4,0,25,40,0,78,298,26,96,73,29,0,22,0,57,0,0,74,9,27,0,0,4,0,11,67,68,0,25,62,7,466,48,0,6620,0,30,29,36,0,0,0,7,0,16,0,0,4,0,36,0,11,41,0,5,7,791,0,0,5,0,11,18,0,26,0,85,95,27,11,4,0,9,42,16,4,14,964,0,36,20,5,15,69,7,0,34,0,0,10,0,52,14,0,327,3,0,4,0,75,3851,0,14,13,7,0,48,25,0,19,0,8,11,0,0,0,108,0,10,0,0,0,0,0,0,0,0,0,0,0,71,4,4,0,23,0,36,52,0,107,1340,4,35,67,0,20,0,0,660,334,18,0,17,22,187,0,299,7,8,6,0,806,0,31,0,21,0,14,0,6,0,0,0,16,0,0,0,7,97,13,0,12,3,13,0,0,30,4,0,0,0,6,0,0,10,0,13,33,0,56,24,0,0,9,22,61,9,18,29,7,10,0,0,0,5,33,6,27,0,61,0,0,0,103,4,38,52,948,313,29,16,15,1745,38,4,2,3,3
76d6be90e19a660c9a84b35fa31d801c,0,45,0,3,10,2,59,19,10,36297,0,0,1,764,289,0,73,1031,121,16,214,738,6,75,49,45,0,65,38,37,8,41,1,38,204,3,61,422,29,197,363,229,3,124,10,83,5,0,87,27,50,3,6,8,0,30,194,65,0,165,335,24,797,102,1,47370,7,31,68,331,23,1,0,39,5,20,0,0,2,0,39,6,21,41,5,26,93,618,0,17,22,2,30,33,0,51,6,156,78,174,9,5,10,18,96,29,11,12,2188,0,111,44,6,34,165,9,6,133,0,0,23,13,537,35,9,190,3,1,3,0,92,31125,0,22,36,28,0,132,130,0,37,498,4,11,0,1,1,329,1,15,0,0,6,7,3,1,2,1,2,0,0,232,10,0,5,24,18,78,119,2,933,5157,12,107,343,6,62,1,15,1093,637,64,3,10,190,8922,46,1707,153,0,0,0,685,76,67,0,27,152,2,84,132,151,0,19,43,97,76,0,118,371,3,0,194,127,13,165,7,73,259,105,0,183,0,0,0,10,0,204,97,136,230,315,0,0,14,172,1101,180,221,55,14,85,0,2,20,226,43,33,64,4,2112,70,10,0,443,161,130,2383,447,319,1111,75,44,1201,974,1838,21,28,21
861fb4882b4c65b68e5998bb89ad59e8,0,31,0,0,11,0,10,11,3,0,0,0,0,363,24,0,7,592,31,4,4,222,0,22,28,19,0,12,11,14,0,14,0,18,85,0,9,86,5,7,94,21,4,12,0,16,0,0,11,0,18,3,0,0,0,6,22,20,0,22,139,3,118,28,4,2,0,16,33,40,0,0,0,10,0,5,0,0,0,0,17,3,10,35,0,5,30,310,0,6,16,0,8,19,0,26,0,5,25,38,7,0,10,8,41,3,0,4,0,0,56,7,0,14,54,2,0,57,0,0,10,0,63,6,0,109,0,0,0,0,26,0,0,3,16,10,0,53,22,0,9,0,4,4,0,0,0,12,0,7,0,0,0,4,3,0,0,0,0,0,3,21,0,0,0,2,8,23,9,0,189,0,8,68,115,0,28,6,10,150,0,18,0,0,14,337,0,35,5,0,0,0,62,5,7,0,6,0,0,5,33,0,0,0,5,0,0,0,5,18,0,0,13,0,0,0,0,0,0,0,0,0,0,0,0,0,0,6,8,0,12,53,0,0,5,0,30,8,0,5,4,18,0,0,0,0,5,5,0,0,16,0,0,0,19,16,18,197,205,23,5,5,9,489,21,21,1,3,3
64864a4b76fc5cccc00f4e44f8dbcff4,12,132,5,16,44,0,19,26,9,5,11,9,28,64,77,0,10,238,133,27,18,677,9,76,81,53,6,55,29,88,31,12,5,32,296,0,51,342,108,19,1314,53,51,59,8,72,57,12,28,41,75,19,6,5,0,13,128,89,0,80,642,8,602,105,9,22,12,73,43,242,29,7,0,58,0,6,0,0,0,5,76,9,25,59,26,27,182,566,0,21,33,0,21,48,9,120,8,44,16,99,15,16,28,13,96,3,20,12,11,0,313,33,13,28,106,9,0,99,0,4,47,64,348,16,5,370,13,16,10,3,131,0,6,77,19,26,11,584,86,0,44,0,11,24,12,3,0,35,10,24,14,4,0,10,3,4,17,6,16,0,12,203,1,7,11,0,55,71,109,0,664,0,16,398,994,0,149,49,46,126,0,21,6,0,113,460,15,127,13,12,7,5,451,16,45,0,28,3,15,0,69,17,4,0,25,2,3,3,17,87,7,0,40,3,22,37,24,20,15,38,3,8,12,0,0,15,0,25,64,25,118,175,8,1,23,22,121,125,1,41,3,15,0,0,0,15,36,59,16,12,77,0,12,0,99,104,16,374,660,49,124,80,29,1143,97,341,3,5,7
7186c67c129c329bce7d6c988267b231,0,25,0,0,4,0,0,4,0,0,47,10,24,0,8,0,15,12,12,9,7,68,14,7,9,16,0,4,9,8,0,4,7,23,17,0,9,86,4,6,44,4,36,9,5,7,21,11,4,5,5,0,0,5,5,0,7,4,0,12,35,4,32,9,2,0,5,11,7,32,10,0,2,11,0,2,0,0,0,3,5,0,3,6,14,0,18,13,0,5,6,0,4,9,35,27,6,3,5,14,5,3,5,2,17,0,15,0,2,0,28,6,10,9,10,2,4,12,0,0,6,9,55,16,5,44,4,0,3,0,21,0,4,3,3,2,0,71,15,0,3,0,4,5,7,0,0,3,0,3,3,0,0,2,0,19,0,4,0,6,0,24,0,3,4,7,5,10,13,0,25,0,3,31,88,0,22,2,8,3,0,17,0,0,5,10,61,31,0,9,0,5,46,7,0,5,0,0,0,0,7,5,0,0,12,0,0,0,0,29,0,0,27,5,5,0,0,0,0,134,4,0,0,0,0,0,0,10,0,0,19,10,0,0,0,5,19,10,0,0,0,7,0,0,0,5,5,0,7,0,0,0,0,0,93,22,0,34,85,14,11,13,0,85,5,4,0,3,0
46864a6aa122ecb439eb59a3c0542ee6,0,18,0,7,15,0,0,17,0,0,1,0,7,83,31,0,5,156,78,8,15,561,8,35,75,9,0,17,1,32,8,3,4,14,131,0,8,193,32,12,913,7,25,35,3,13,17,0,4,25,35,0,0,0,0,2,48,26,0,15,330,3,120,80,7,4,5,26,13,195,7,0,0,19,0,0,0,0,0,0,17,1,1,59,3,14,146,136,0,7,14,0,0,32,2,23,7,25,5,43,5,3,14,0,20,0,16,0,6,0,116,9,18,12,12,1,0,18,0,0,23,4,255,4,0,200,0,0,2,1,53,0,5,22,4,6,0,281,32,0,11,0,10,7,1,0,3,16,1,6,3,1,0,0,0,0,1,0,0,0,0,88,0,7,9,2,32,14,24,0,650,0,0,360,720,2,17,4,15,24,0,9,0,0,24,399,8,169,27,2,2,5,126,17,17,0,0,0,0,3,37,19,0,0,14,5,2,3,3,96,2,0,57,18,0,5,17,12,32,71,0,2,9,0,0,0,0,0,17,7,24,26,7,5,0,36,70,49,0,10,0,0,0,0,0,30,13,12,5,4,51,2,0,0,71,18,0,598,81,13,96,47,15,424,47,357,1,3,2
8f2b821cd45696bb55b164853a1917c3,0,0,0,0,0,0,0,0,0,0,0,0,0,66,0,0,0,141,6,0,0,9,0,0,3,0,0,0,0,0,0,4,0,2,5,0,2,25,0,0,10,0,0,0,0,0,0,0,5,0,0,0,0,0,0,0,5,0,0,5,5,0,43,7,0,0,0,2,2,3,0,0,0,3,0,2,0,0,0,0,0,0,0,5,0,0,0,142,0,0,0,0,0,0,0,0,0,0,7,0,0,0,0,0,4,2,0,0,0,0,6,0,0,0,10,0,0,4,0,0,0,0,13,0,0,15,0,0,0,0,0,0,0,4,2,0,0,14,0,0,0,0,0,0,0,0,0,0,0,0,0,0,0,0,0,0,0,0,0,0,0,3,0,0,0,0,0,0,0,0,9,0,5,6,13,0,0,0,0,19,0,0,0,0,0,0,0,0,0,0,0,0,12,0,0,0,0,0,0,0,0,0,0,0,0,0,0,0,0,0,0,0,0,0,0,0,0,0,0,0,0,0,0,0,0,0,0,0,0,0,0,0,0,0,0,0,7,0,0,0,0,0,0,0,0,0,9,0,0,0,0,0,0,0,0,0,0,0,9,1,7,1,0,28,2,0,0,1,0
2e11ee45d4ccab0775222da825d3bd42,10,75,0,15,26,0,10,28,0,7,14,0,78,32,105,0,29,107,126,22,24,683,6,77,92,63,0,36,17,88,43,12,0,49,391,0,23,273,60,23,240,29,77,39,13,64,46,11,13,28,34,0,19,0,11,12,120,48,5,82,433,32,141,70,17,4,11,76,70,270,40,3,3,23,0,0,0,0,0,27,46,8,58,72,5,16,61,106,0,22,71,0,3,96,13,78,5,74,6,51,14,14,19,32,83,7,14,4,15,0,277,33,29,72,186,13,5,84,0,9,24,63,318,23,5,303,19,0,10,10,110,1,9,53,49,32,7,172,75,0,6,0,9,6,5,0,4,15,9,30,20,11,0,11,7,13,5,0,46,11,17,271,4,14,19,7,52,63,108,0,92,0,9,210,249,11,134,42,76,25,0,14,5,12,50,414,9,36,8,0,4,13,341,21,46,4,27,4,24,0,16,5,0,6,48,0,1,14,0,157,5,9,66,12,7,123,7,6,2,63,3,3,9,6,4,40,0,9,253,10,101,78,16,9,9,9,54,58,4,36,16,10,3,6,0,23,27,45,14,10,38,4,0,0,26,24,32,179,801,122,40,68,2,1193,58,187,3,7,2
a5641950b2a3a47827849d91242f0ead,5,34,12,18,32,0,8,38,0,7,20,6,29,13,52,0,14,122,98,15,3,896,6,15,184,9,4,13,3,94,17,0,4,71,200,0,14,272,38,9,1199,11,44,6,11,6,37,13,0,46,48,0,0,6,5,5,15,29,5,16,310,6,179,128,20,13,13,21,4,319,25,6,8,11,0,3,0,0,0,2,17,2,6,144,18,23,186,127,0,3,67,0,2,25,10,15,9,17,0,16,3,5,15,0,26,0,29,0,14,0,199,11,32,18,19,0,4,14,0,6,36,6,336,5,6,297,0,12,11,10,96,6,13,56,9,0,4,170,49,0,5,40,22,5,2,3,0,17,22,3,0,4,0,3,3,6,13,4,4,0,0,135,0,8,22,2,86,16,12,0,572,0,0,463,834,0,26,41,73,25,0,28,8,5,12,725,14,229,32,9,0,9,57,15,34,4,0,0,0,0,22,29,3,0,54,0,7,0,0,91,0,0,77,11,0,23,13,5,51,62,0,20,16,0,0,3,0,0,46,2,15,24,20,0,0,50,42,25,7,5,5,16,9,0,0,26,31,4,0,3,45,0,0,0,122,30,18,526,413,16,9,15,8,1060,59,496,3,13,2
37e0f2e7c7ab2a2f738b92a61085aec0,11,38,8,7,58,0,3,9,2,2,116,10,195,6,25,0,2,22,34,24,4,176,50,24,47,75,4,6,7,18,24,6,8,102,34,4,29,49,14,7,2148,19,209,19,22,51,69,70,6,9,23,5,64,29,14,2,30,23,0,27,111,37,29,25,16,2,31,17,12,69,32,5,2,24,0,0,0,0,0,45,16,6,26,24,31,25,49,14,0,4,36,0,9,18,60,26,35,25,2,47,15,9,21,4,16,0,101,2,3,0,37,7,102,21,25,2,10,24,0,1,56,3,95,48,7,126,9,5,14,7,22,0,33,9,6,5,3,171,28,0,9,0,18,16,44,8,8,6,7,5,10,1,0,17,6,94,18,37,51,30,17,34,0,27,9,13,26,18,26,0,707,0,9,351,2018,14,30,16,27,17,0,59,3,11,16,96,129,56,0,17,19,20,70,17,32,0,2,0,0,0,8,76,0,6,15,5,10,0,20,50,0,10,117,74,2,1,18,2,11,326,4,2,25,10,0,3,0,0,11,0,36,30,23,0,0,3,36,12,0,19,6,0,10,2,0,22,4,18,5,7,26,0,0,0,127,6,2,148,191,18,43,17,7,598,21,55,11,0,13
6f0b4058c92e83c77533a218739a0e38,0,0,0,0,58,0,42,0,13,28,0,0,0,13,119,13,36,0,0,0,130,11,0,0,0,0,0,0,0,20,0,0,5,0,115,10,0,13,127,121,9,19,0,0,0,0,0,0,0,0,22,0,0,0,6,13,34,0,0,15,0,0,20,8,0,17,0,0,0,16,0,0,0,11,0,22,0,0,0,0,0,10,0,0,0,15,0,18,0,0,0,0,6,0,0,19,0,134,9,17,0,0,0,35,48,14,0,11,14,12,10,13,14,31,0,0,7,14,11,0,0,0,31,0,5,44,0,0,0,0,0,12,0,0,13,0,0,28,26,0,0,612,0,0,0,0,0,136,0,0,0,0,0,7,0,0,0,0,0,0,0,48,12,0,0,0,0,0,0,0,9,8,8,0,16,0,0,0,0,10,0,9,0,0,41,66,55,116,62,0,0,0,0,45,2,0,5,53,0,24,45,38,0,0,0,0,14,0,42,80,0,0,52,31,0,59,0,11,63,84,0,61,0,0,0,2,0,41,0,37,0,48,0,0,1,86,53,37,52,2,0,0,0,0,0,59,5,0,0,0,118,28,0,0,55,52,1,93,43,3,240,1,1,17,64,89,1,2,4
87ab9c664033e00f6b64f2afc71a6d90,0,4,0,0,3,0,3,6,0,0,0,0,0,18,9,0,3,68,5,0,2,54,0,5,8,0,0,0,0,7,0,2,0,9,22,0,0,46,10,3,46,5,2,4,0,5,0,0,4,6,6,0,0,5,0,0,11,2,0,7,25,0,42,4,0,0,0,4,4,26,3,0,0,8,0,2,0,0,0,0,7,0,0,6,4,0,8,74,0,0,0,0,0,4,0,7,0,4,3,2,0,0,2,0,11,2,0,0,0,0,29,5,0,0,10,0,0,9,0,0,3,0,51,0,0,36,0,0,0,0,5,0,0,0,2,4,0,36,8,0,0,0,0,3,0,0,0,3,0,0,0,0,0,3,0,0,0,0,0,0,0,9,0,0,0,0,2,2,5,0,48,0,2,22,39,0,11,3,0,23,0,0,0,0,8,52,0,4,0,0,0,0,35,0,0,0,0,0,5,0,0,0,0,0,0,0,0,0,0,4,0,0,0,0,0,0,0,0,4,0,0,0,0,0,0,0,0,0,0,0,5,5,0,0,0,0,10,13,0,5,0,0,0,0,0,0,0,0,0,0,0,0,0,0,6,0,0,21,54,19,0,10,0,48,2,8,0,0,0
3e514d4fe509d063c262ab3e3b224da1,0,7,0,0,2,0,0,3,0,0,0,0,0,0,4,0,0,7,5,0,0,71,2,0,11,0,0,3,0,11,3,0,0,6,27,0,3,14,0,5,103,0,0,0,0,0,0,0,0,9,9,2,0,0,0,0,0,0,0,0,18,0,22,7,0,0,3,0,0,27,0,0,0,8,0,0,0,0,0,0,0,0,0,7,3,3,39,3,0,0,3,0,0,3,0,0,0,5,0,2,0,0,3,0,0,0,0,0,0,0,39,5,0,0,0,0,0,0,0,0,0,0,39,0,0,36,0,0,0,0,10,0,0,6,2,0,0,41,9,0,3,0,0,3,0,0,0,5,0,0,0,0,0,0,0,0,0,0,3,0,0,12,0,0,0,0,13,3,4,0,24,0,0,42,76,0,6,3,12,0,0,0,0,0,0,28,0,17,4,4,0,0,9,0,0,0,0,0,0,0,0,7,0,0,0,3,0,0,0,27,0,0,7,0,0,0,4,0,5,4,0,0,0,0,0,0,0,0,0,0,3,0,0,0,0,0,13,0,0,0,0,0,0,0,0,0,5,0,0,0,0,0,0,0,4,0,0,42,49,28,0,0,0,11,6,86,0,3,0
5b74065cc4963be8f6447b2c9ffcbc87,0,127,0,0,0,0,0,0,0,48,0,0,0,133,0,0,0,462,39,0,0,371,0,0,0,0,22,0,101,52,0,0,0,12,18,0,0,624,34,0,603,0,0,0,0,0,0,0,84,0,22,0,0,0,0,0,0,0,0,0,0,0,525,0,0,37,0,0,0,133,0,0,0,0,0,24,0,0,6,0,12,0,0,0,0,0,0,740,0,8,0,7,0,0,0,106,0,7,78,0,0,0,0,0,0,22,0,0,33,0,0,25,0,0,0,0,0,0,0,0,0,0,196,82,0,15,0,0,19,0,0,0,0,0,0,0,0,19,0,0,0,0,0,0,0,0,0,4,0,0,0,0,0,0,8,0,0,0,0,0,0,116,12,0,0,0,0,27,0,0,1008,20,0,325,819,0,187,55,0,134,7,0,0,0,0,0,0,0,0,0,0,0,75,0,4,0,8,0,0,0,0,0,0,0,3,0,0,0,0,2,0,0,0,0,0,0,0,0,0,1,0,0,0,0,0,7,0,0,209,0,117,0,0,0,3,0,0,0,0,14,0,3,0,0,0,0,3,12,0,0,0,0,0,0,0,0,3,0,176,1,86,22,1,564,0,1,0,1,0
eee9bab26577ab7978a3c7bb4a082922,0,71,0,54,0,0,0,7,0,7,2041,0,20,206,19,0,19,41,25,5,14,631,0,0,0,0,0,0,50,22,0,0,0,329,149,0,0,44,69,0,0,0,46,9,0,0,7,5,22,0,12,0,0,0,0,0,0,53,100,3,15,0,91,0,0,17,57,6,17,484,319,250,22,0,0,6,0,0,5,0,72,92,4,5,1988,10,0,30,0,10,0,0,0,0,230,56,176,16,4,8,30,4,0,25,29,20,0,0,0,3,2033,60,5,0,17,0,0,39,0,180,69,0,181,104,0,605,0,0,0,46,0,0,0,44,13,0,30,1651,11,0,0,0,0,0,0,0,0,14,131,48,529,333,0,0,0,366,0,0,0,0,83,107,17,5,58,0,11,6,0,5,4,0,0,1562,0,59,34,294,0,145,0,0,279,45,0,0,0,0,0,464,17,82,125,0,14,116,96,0,161,0,0,0,287,40,333,1,1,0,0,0,0,0,0,0,28,0,56,10,0,0,9,0,151,239,17,149,0,0,0,0,0,0,385,0,0,0,0,0,0,1,150,77,23,221,33,0,183,0,41,123,0,0,15,0,0,0,271,0,1,833,2,1064,50,40,4,1,916,4,24
5167710b7280856d9e512a4f58068687,0,14,0,0,0,0,0,0,0,0,0,0,0,0,0,0,0,0,14,0,0,0,0,5,3,0,0,2,0,6,0,0,0,3,7,0,2,29,9,7,139,0,0,0,0,0,7,0,9,0,0,0,0,0,0,2,0,0,0,4,0,0,18,5,0,0,0,2,2,0,0,0,0,5,0,0,0,0,0,2,0,0,0,0,0,0,6,0,0,0,0,2,0,0,0,7,0,4,0,0,0,0,0,0,2,0,0,0,0,0,4,2,0,4,2,0,0,5,0,0,2,0,0,0,0,16,0,0,0,0,9,0,0,0,0,0,0,3,10,0,4,0,0,0,0,0,0,0,0,0,0,0,0,0,0,0,0,0,0,0,0,0,0,0,0,0,4,0,2,0,115,0,0,36,165,0,4,3,12,3,0,0,0,0,3,52,0,16,0,0,0,0,27,0,4,0,0,0,0,0,0,0,0,0,0,0,0,0,0,8,0,0,0,0,0,0,0,0,0,0,0,4,0,0,0,0,0,0,0,0,0,4,0,0,0,0,3,4,0,4,0,0,0,0,0,0,0,4,0,0,0,0,0,0,4,0,0,33,21,0,0,0,0,60,0,36,0,0,0
07a0081d4bc5233563d0269fc2c734d0,0,8,0,0,0,0,0,0,0,3,0,0,6,0,0,0,0,6,4,3,0,90,0,2,7,0,0,0,0,5,0,2,0,4,10,0,0,12,7,0,38,0,8,0,4,0,12,3,0,0,4,0,0,0,0,2,0,0,0,0,51,0,3,2,0,0,0,0,3,29,0,3,0,3,0,0,0,0,0,0,3,0,0,0,0,0,16,6,0,0,3,0,0,0,7,7,0,0,0,2,0,0,0,0,0,0,0,0,3,0,16,0,9,6,0,0,2,0,0,0,5,8,49,3,0,32,3,3,0,0,3,0,3,5,0,0,0,25,0,0,0,0,0,3,0,0,0,0,0,3,0,0,0,0,0,4,0,0,0,6,0,9,0,0,0,0,3,3,0,0,26,0,0,19,27,0,7,0,0,0,0,5,0,0,3,15,0,9,0,0,0,0,17,0,7,0,0,0,0,0,0,0,0,0,7,0,0,0,0,6,0,0,3,0,0,0,0,0,0,3,0,0,0,0,0,0,0,0,5,0,6,0,3,0,0,0,4,3,0,0,0,0,0,0,0,5,5,0,0,0,0,0,0,0,6,0,0,12,35,7,0,0,8,23,9,23,0,0,0
f7040b791e2687141adc7be4ad81afd4,27,45,1,5,56,0,5,6,4,0,188,110,172,4,30,0,8,34,49,20,4,235,65,8,79,46,0,21,10,9,8,2,89,75,46,3,22,44,11,9,117,31,204,28,18,89,34,46,2,6,11,2,25,14,44,8,15,14,0,46,139,13,55,94,15,3,39,7,22,95,58,1,1,51,0,0,0,0,0,29,30,10,19,6,82,22,38,44,0,3,34,0,5,29,42,42,72,5,3,38,13,0,31,9,46,0,135,2,6,0,53,20,316,20,34,10,32,20,0,1,90,4,115,37,8,86,0,3,7,5,112,0,58,9,4,4,4,224,49,0,8,0,20,5,15,43,9,17,5,8,27,0,0,9,2,52,12,13,37,53,29,94,0,66,4,23,37,33,10,0,144,0,0,81,166,9,74,14,44,18,0,79,0,0,31,203,209,91,0,13,17,9,119,38,0,2,3,0,4,0,21,47,2,0,4,13,10,1,5,118,0,7,171,47,2,0,25,4,0,629,21,14,6,2,2,11,0,0,8,17,71,76,0,0,0,43,74,21,0,43,2,0,14,3,0,19,12,31,8,6,20,0,0,0,298,12,6,112,283,87,13,10,2,413,43,97,2,3,35
5adc2daa2981bc07e21b14d53496ff67,0,5,9,9,3,0,3,0,0,4,0,0,21,5,13,0,22,0,0,0,155,4,0,4,0,16,13,4,0,0,5,0,0,10,0,3,0,0,0,0,0,0,6,11,0,1436,11,0,0,6,0,89,5,3,0,22,4,8,11,3,7,5,3,3,3,0,6,16188,5,3,10,5,804,74,9,8,0,0,0,0,8,3,12,0,0,0,231,5,0,0,36,0,0,170,3,0,9,4,6,0,0,178,0,6,4,4,0,7,0,0,0,0,0,14,10,46,0,0,0,9,7,0,0,6,3,0,0,109,0,5,3,0,0,4,0,28,7,0,1412,0,13,478,8,5,15,70,0,70,5,9,4,6,3,4,0,7,7,128,13,3,8,0,73,0,12,7,171,5,25,0,3,27,4,0,3,8,3,8,0,0,3,5,11,1,69,2,4,1,5,4,2,3,65,1,11,1,1,1,251,1,1,1,1,77,2,1,1,1,1,206,1,1,1,1,1,2,16,3,53,37,12,1,1,20,1,2,1,1,2,1,24,1,26,4,1,116,4,1,1,2,1,1,2,1,1,3,1,1,1,1,615,1,1,1,1,1,1,36,0,460,891,0,0,0,158,429,0,0,0
f6fdab15a19dca0441b10f8c0969cb4d,0,2,0,0,0,0,0,0,0,0,0,0,0,0,2,0,0,5,1,0,0,11,0,0,0,0,0,0,0,0,0,0,0,0,3,0,0,18,2,0,24,0,0,0,0,0,0,0,0,0,0,0,0,0,0,0,0,0,0,3,3,0,25,3,0,0,0,0,0,0,0,0,0,4,0,0,0,0,0,0,0,0,0,0,0,0,1,6,0,0,0,0,0,0,0,0,0,0,0,0,0,0,0,0,5,0,0,0,0,0,2,0,0,0,0,0,0,0,0,0,0,0,3,0,0,4,0,0,0,0,0,0,0,0,0,0,0,9,2,0,0,0,0,0,0,0,0,0,0,0,0,0,0,0,0,0,0,0,0,0,0,2,0,0,0,0,0,0,0,0,15,0,0,12,22,0,5,0,0,0,0,0,0,0,0,0,0,0,0,0,0,0,0,0,0,0,0,0,0,0,0,0,0,0,0,0,0,0,0,0,0,0,0,0,0,0,0,0,0,0,0,0,0,0,0,0,0,0,0,0,0,0,0,0,0,0,0,0,0,0,0,0,0,0,0,4,0,0,0,0,13,0,0,0,0,6,0,0,0,0,0,0,0,9,0,9,0,0,0
720832273d925b4115ed01c6d3df48eb,0,3,0,0,0,0,5,0,0,0,0,0,0,0,0,0,0,0,0,0,0,3,0,0,4,0,0,0,0,0,0,0,0,0,0,0,0,3,0,0,5,0,0,0,0,0,0,0,0,0,0,0,0,0,0,0,3,9,0,0,11,0,0,5,0,0,0,0,0,4,0,0,0,0,0,0,0,0,0,0,0,0,0,4,0,0,0,3,0,0,0,0,0,0,0,0,0,0,0,0,0,0,0,0,0,0,0,0,0,0,5,0,0,0,0,0,0,0,0,0,3,0,3,4,0,3,0,0,0,0,0,0,0,0,0,0,0,7,0,0,0,0,0,0,0,0,0,0,0,0,0,0,0,0,0,0,0,0,0,0,0,0,0,0,0,0,0,0,0,0,8,0,0,0,5,0,0,0,0,0,0,0,0,0,4,5,0,8,0,0,0,0,12,0,2,0,0,0,0,0,0,0,0,0,0,0,0,0,0,0,0,0,0,0,0,0,0,0,0,0,0,0,0,0,0,0,0,0,0,0,0,0,0,0,0,0,0,0,0,0,0,0,0,0,0,0,0,0,0,0,0,0,0,0,0,0,0,0,23,3,0,1,1,17,0,0,0,0,1
96c7cedbae877361d087a8b39206d408,0,0,0,0,0,0,24,9,0,12,0,6,0,7,17,0,0,8,0,0,22,8,0,0,0,0,0,0,0,6,0,0,0,0,10,0,0,0,0,39,0,0,0,0,0,0,0,0,0,0,0,0,0,0,0,0,34,0,0,0,0,0,0,0,0,12,0,0,0,0,0,0,0,0,0,0,0,0,0,0,0,0,0,6,0,16,0,10,0,0,0,0,4,0,0,0,0,30,0,0,0,0,0,0,18,0,0,7,10,0,9,15,8,0,0,0,0,0,0,0,0,0,0,0,0,24,0,0,6,0,0,0,0,0,0,0,0,14,0,0,0,318,0,0,0,5,0,29,0,0,0,0,0,0,0,0,0,0,0,0,0,30,8,0,0,10,0,7,0,0,6,0,0,0,0,0,6,0,0,7,0,7,0,0,7,13,13,35,9,0,0,0,1,7,0,0,0,3,0,4,3,10,0,0,0,0,5,0,3,11,0,0,5,4,0,11,0,4,4,14,0,5,0,0,0,0,0,4,0,2,0,4,0,0,0,25,10,6,2,0,0,0,0,0,1,12,1,0,0,0,71,9,0,0,12,4,0,28,1,1,1,1,3,3,9,26,13,1,1
b472d29ebb2e4b918cf5f7e0d7b46ce9,0,0,0,0,0,0,0,2,0,0,0,0,0,0,0,0,0,0,0,0,0,9,0,0,2,0,0,0,0,0,0,0,0,0,0,0,0,8,0,0,0,0,0,0,0,0,0,0,0,0,0,0,0,0,0,0,3,0,0,0,4,0,8,2,0,0,0,5,0,7,0,0,0,0,0,0,0,0,0,0,0,0,2,0,0,0,0,2,0,0,0,0,0,0,0,0,0,0,0,0,0,0,0,0,3,0,0,0,0,0,2,2,0,0,0,0,0,0,0,0,2,0,11,0,0,6,0,0,0,0,2,0,0,0,0,0,0,0,0,0,0,0,0,0,0,0,0,0,0,0,0,0,0,0,0,0,0,0,0,0,0,6,0,0,0,0,0,0,0,0,0,0,0,2,0,0,0,0,0,4,0,0,0,0,0,17,0,0,0,0,0,0,0,0,0,0,0,0,0,0,0,0,0,0,0,0,0,0,0,0,0,0,0,0,0,0,0,0,0,0,0,0,0,0,0,0,0,0,0,0,0,0,0,0,0,0,0,0,0,0,0,0,0,0,0,0,0,0,0,0,0,0,0,0,0,0,0,18,7,0,0,2,0,3,0,4,0,0,0