feature	rank
K00048	3.900425094
K02757	3.900425094
K03488	3.900425094
K03609	3.900425094
K03610	3.900425094
K03826	3.900425094
K03830	3.900425094
K06201	3.900425094
K07658	3.900425094
K09693	3.900425094
K00633	3.881848723
K18640	3.881848723
K00656	3.826346466
K00868	3.826346466
K03328	3.826346466
K06926	3.826346466
K16923	3.826346466
K06218	3.81873111
K06909	3.808806071
K01224	3.72659445
K07126	3.72659445
K09765	3.72659445
K01176	3.703436289
K02050	3.703436289
K02051	3.703436289
K02819	3.703436289
K09888	3.703436289
K01560	3.642568461
K01448	3.611619985
K08641	3.611619985
K12111	3.59532166
K03790	3.545150146
K00831	3.541430011
K00863	3.541430011
K01232	3.541430011
K02532	3.541430011
K02598	3.541430011
K03317	3.541430011
K06895	3.541430011
K06917	3.541430011
K08234	3.541430011
K09707	3.541430011
K06416	3.51396669
K01151	3.461989707
K01958	3.461989707
K02049	3.461989707
K02750	3.461989707
K03169	3.461989707
K06962	3.461989707
K16328	3.461989707
K01193	3.44734624
K00557	3.432394859
K11535	3.432394859
K01185	3.427121349
K03307	3.34416759
K09811	3.34416759
K02000	3.309692112
K02001	3.309692112
K02002	3.309692112
K09812	3.305966261
K13954	3.301425068
K07082	3.294903592
K07150	3.265430129
K00100	3.24792402
K12268	3.219854411
K12269	3.219854411
K01430	3.219195305
K01443	3.219195305
K02031	3.219195305
K03297	3.219195305
K06213	3.219195305
K06896	3.219195305
K07393	3.219195305
K01429	3.211398886
K04069	3.210787681
K00354	3.202869746
K03481	3.202672396
K03191	3.155380735
K03695	3.155380735
K05946	3.15157455
K07505	3.15157455
K01073	3.150482418
K02777	3.150482418
K05992	3.150482418
K06893	3.150482418
K07498	3.150482418
K07693	3.150482418
K02779	3.14042129
K02786	3.14042129
K18934	3.14042129
K01077	3.124496089
K05937	3.117945782
K19689	3.112894262
K03436	3.104912376
K02530	3.096639719
K07045	3.096639719
K11741	3.096639719
K01220	3.087424509
K02788	3.087424509
K00826	3.078059978
K03309	3.069134806
K00262	3.068668854
K01788	3.061689458
K03628	3.047170675
K07584	3.047170675
K09962	3.047170675
K01428	3.046870382
K03187	3.046870382
K03188	3.046870382
K03189	3.046870382
K03190	3.046870382
K03574	3.046870382
K05879	3.038533163
K02810	3.036386023
K05878	3.031612139
K03733	3.030806646
K00975	3.027799903
K10823	3.027799903
K07586	3.025401889
K03713	3.024964531
K03489	2.998555749
K03092	2.984058822
K01295	2.965474331
K00001	2.963490397
K02793	2.963490397
K00882	2.962521054
K01819	2.962521054
K02800	2.962521054
K02531	2.941526697
K15583	2.941526697
K01174	2.937763911
K15581	2.935072325
K01817	2.923418689
K00111	2.921974186
K07217	2.913008846
K04758	2.912203352
K02035	2.910920135
K15582	2.910920135
K08681	2.884558826
K02851	2.86040166
K01635	2.837132284
K03698	2.833641328
K07166	2.828863356
K06919	2.82863669
K07778	2.82863669
K02032	2.823797664
K10947	2.820566713
K00850	2.819877394
K03546	2.807109119
K01223	2.795315799
K01488	2.795315799
K07707	2.786829457
K01610	2.768080416
K02033	2.768080416
K02015	2.753763853
K07284	2.750209104
K02034	2.746332766
K06384	2.746332766
K07570	2.737782475
K03547	2.726764699
K03630	2.726764699
K02770	2.714306367
K03856	2.714306367
K03760	2.708560901
K00685	2.695493585
K00688	2.695493585
K01011	2.695493585
K01639	2.695493585
K07574	2.695493585
K07552	2.69104604
K04759	2.689822975
K03475	2.684030909
K01990	2.683340326
K07636	2.683340326
K01156	2.68118194
K03654	2.679342947
K02822	2.67633529
K03484	2.67633529
K01421	2.675746595
K02204	2.675746595
K07729	2.666979427
K01839	2.642606331
K02003	2.642606331
K02573	2.642606331
K02574	2.642606331
K03091	2.642606331
K03696	2.642606331
K04488	2.642606331
K05786	2.642606331
K07533	2.642606331
K00003	2.637013127
K00012	2.637013127
K06183	2.637013127
K06901	2.637013127
K07316	2.637013127
K05539	2.634994021
K03429	2.623860028
K00127	2.621576779
K00254	2.607344643
K04755	2.607344643
K11693	2.607344643
K00009	2.607192982
K00059	2.607192982
K00459	2.607192982
K00537	2.607192982
K00651	2.607192982
K00680	2.607192982
K00700	2.607192982
K00703	2.607192982
K00754	2.607192982
K00795	2.607192982
K00925	2.607192982
K00992	2.607192982
K01090	2.607192982
K01239	2.607192982
K01247	2.607192982
K01304	2.607192982
K01356	2.607192982
K01486	2.607192982
K01515	2.607192982
K01534	2.607192982
K01537	2.607192982
K01719	2.607192982
K01745	2.607192982
K01775	2.607192982
K01804	2.607192982
K02071	2.607192982
K02072	2.607192982
K02196	2.607192982
K02199	2.607192982
K02200	2.607192982
K02339	2.607192982
K02346	2.607192982
K02567	2.607192982
K02575	2.607192982
K02760	2.607192982
K02774	2.607192982
K02794	2.607192982
K02798	2.607192982
K02841	2.607192982
K03071	2.607192982
K03152	2.607192982
K03466	2.607192982
K03483	2.607192982
K03499	2.607192982
K03567	2.607192982
K03581	2.607192982
K03611	2.607192982
K03635	2.607192982
K03643	2.607192982
K03646	2.607192982
K03699	2.607192982
K03710	2.607192982
K03711	2.607192982
K03763	2.607192982
K03797	2.607192982
K03813	2.607192982
K04085	2.607192982
K04752	2.607192982
K04771	2.607192982
K05524	2.607192982
K05527	2.607192982
K05832	2.607192982
K05833	2.607192982
K06147	2.607192982
K06153	2.607192982
K06190	2.607192982
K06215	2.607192982
K06346	2.607192982
K06402	2.607192982
K06867	2.607192982
K06960	2.607192982
K06980	2.607192982
K07000	2.607192982
K07010	2.607192982
K07052	2.607192982
K07095	2.607192982
K07307	2.607192982
K07474	2.607192982
K07638	2.607192982
K07659	2.607192982
K07708	2.607192982
K07816	2.607192982
K08151	2.607192982
K09158	2.607192982
K09772	2.607192982
K09862	2.607192982
K09969	2.607192982
K09970	2.607192982
K09971	2.607192982
K11189	2.607192982
K11719	2.607192982
K12940	2.607192982
K13643	2.607192982
K14155	2.607192982
K15553	2.607192982
K15724	2.607192982
K16087	2.607192982
K16165	2.607192982
K16789	2.607192982
K17836	2.607192982
K18940	2.607192982
K00949	2.606678567
K00872	2.606116659
K02103	2.606116659
K02759	2.606116659
K16786	2.603255629
K18672	2.603255629
K07306	2.602829074
K11145	2.600392881
K14540	2.600392881
K06967	2.598612558
K09762	2.598612558
K09787	2.598612558
K03100	2.598365727
K06194	2.597694116
K02237	2.597655595
K01079	2.59686469
K03076	2.59686469
K03784	2.595900869
K00805	2.593088769
K00995	2.593088769
K01141	2.593088769
K01271	2.593088769
K01652	2.593088769
K01854	2.593088769
K01961	2.593088769
K01974	2.593088769
K02004	2.593088769
K02471	2.593088769
K02686	2.593088769
K02765	2.593088769
K03070	2.593088769
K03151	2.593088769
K03303	2.593088769
K03523	2.593088769
K03529	2.593088769
K03586	2.593088769
K03599	2.593088769
K03600	2.593088769
K03618	2.593088769
K03619	2.593088769
K03636	2.593088769
K03746	2.593088769
K03756	2.593088769
K03806	2.593088769
K03816	2.593088769
K04018	2.593088769
K04044	2.593088769
K04082	2.593088769
K04094	2.593088769
K04760	2.593088769
K04762	2.593088769
K05501	2.593088769
K05834	2.593088769
K05835	2.593088769
K05896	2.593088769
K06019	2.593088769
K06024	2.593088769
K06175	2.593088769
K06186	2.593088769
K06202	2.593088769
K07014	2.593088769
K07015	2.593088769
K07030	2.593088769
K07035	2.593088769
K07038	2.593088769
K07122	2.593088769
K07227	2.593088769
K07262	2.593088769
K07287	2.593088769
K07320	2.593088769
K07478	2.593088769
K07481	2.593088769
K07568	2.593088769
K07666	2.593088769
K07673	2.593088769
K07684	2.593088769
K07735	2.593088769
K08159	2.593088769
K08884	2.593088769
K09775	2.593088769
K10004	2.593088769
K10763	2.593088769
K11070	2.593088769
K11071	2.593088769
K11103	2.593088769
K12057	2.593088769
K12058	2.593088769
K12060	2.593088769
K12062	2.593088769
K12063	2.593088769
K12072	2.593088769
K13628	2.593088769
K14058	2.593088769
K14414	2.593088769
K15051	2.593088769
K15461	2.593088769
K17686	2.593088769
K17713	2.593088769
K18778	2.593088769
K18843	2.593088769
K18918	2.593088769
K19225	2.593088769
K01093	2.588858869
K01150	2.588858869
K07088	2.588858869
K09889	2.588858869
K00567	2.588294914
K04083	2.586925007
K08602	2.586925007
K06023	2.585202169
K09005	2.582750302
K01992	2.580308495
K01710	2.576493079
K04518	2.574463277
K03673	2.573847769
K07009	2.573847769
K02796	2.571289501
K04761	2.570548112
K00965	2.565915183
K01611	2.565915183
K02795	2.565915183
K02781	2.565663146
K12292	2.565207344
K03798	2.562931517
K13016	2.559226148
K02913	2.557469088
K06950	2.548620924
K16216	2.547899024
K19341	2.547899024
K19342	2.547899024
K07173	2.547874308
K11068	2.547279504
K02824	2.545907438
K07792	2.544169201
K03549	2.544010951
K16787	2.541378833
K03215	2.538163451
K06148	2.538163451
K00226	2.538014798
K00024	2.53067432
K06442	2.529295166
K07101	2.529295166
K00694	2.528485428
K08974	2.528485428
K03981	2.527759433
K07812	2.527759433
K09963	2.52198559
K03772	2.521333923
K07742	2.520259188
K02036	2.515140624
K03671	2.512956615
K03700	2.512956615
K03705	2.512956615
K03814	2.512841892
K15022	2.512841892
K16511	2.50780428
K05311	2.502598775
K16785	2.502598775
K02037	2.502132128
K02038	2.502132128
K03789	2.499024434
K03688	2.497442034
K07040	2.496074979
K15986	2.496024765
K02160	2.495380253
K01752	2.492818779
K03431	2.491089488
K01501	2.490188169
K03216	2.487294925
K03785	2.485957296
K03402	2.485794505
K13292	2.485794505
K07042	2.485769223
K02007	2.482283899
K06958	2.481797787
K08591	2.481797787
K02006	2.47978801
K00230	2.478024205
K00784	2.478024205
K01512	2.478024205
K01733	2.478024205
K01738	2.478024205
K02008	2.478024205
K04014	2.478024205
K04015	2.478024205
K06989	2.478024205
K07019	2.478024205
K07339	2.478024205
K09013	2.478024205
K09133	2.478024205
K03298	2.47527665
K07571	2.474889834
K10670	2.469022518
K06959	2.468281727
K01299	2.466977475
K03657	2.457147747
K00523	2.453298903
K01713	2.453298903
K01963	2.453298903
K03195	2.453298903
K03196	2.453298903
K03200	2.453298903
K03203	2.453298903
K03204	2.453298903
K06020	2.453298903
K06441	2.453298903
K12069	2.453298903
K12071	2.453298903
K12081	2.453298903
K12685	2.453298903
K13796	2.453298903
K14267	2.453298903
K14987	2.453298903
K15270	2.453298903
K16267	2.453298903
K16929	2.453298903
K18130	2.453298903
K19340	2.453298903
K02016	2.449873626
K03199	2.449873626
K07218	2.449873626
K06410	2.446641462
K00919	2.443089533
K03086	2.441663123
K01624	2.441032378
K00924	2.438719311
K01525	2.437329703
K03500	2.437122279
K01940	2.4366635
K02013	2.43588192
K13052	2.435135907
K00950	2.43490829
K03811	2.433482252
K14665	2.432424796
K03704	2.430614249
K01273	2.430580282
K17837	2.429739529
K06173	2.428330651
K02469	2.427017769
K00873	2.426081751
K01265	2.422719486
K02470	2.422719486
K07461	2.421586776
K09001	2.421586776
K00029	2.4200621
K00790	2.418859051
K04487	2.416484548
K00945	2.415567284
K00564	2.414638576
K02761	2.414638576
K15580	2.409015443
K10907	2.404965247
K00773	2.404877182
K00864	2.404877182
K01126	2.404877182
K07058	2.404877182
K19002	2.404877182
K03545	2.402746999
K00974	2.401408864
K07791	2.401408864
K03686	2.401105707
K05837	2.40097953
K16898	2.400704312
K00563	2.399667421
K03800	2.399125904
K16899	2.39401907
K06297	2.391245077
K04068	2.390533049
K00928	2.390306201
K02434	2.390080193
K02435	2.390080193
K03497	2.390055546
K08218	2.388995693
K01689	2.38448465
K03040	2.38448465
K06956	2.38448465
K19200	2.38448465
K07738	2.378921932
K03438	2.376735001
K03629	2.376010832
K00625	2.374642096
K01262	2.374467989
K02433	2.373103246
K05595	2.373035546
K03101	2.373015251
K01923	2.37299728
K11712	2.371030236
K01250	2.369525372
K03111	2.36276009
K06726	2.361764264
K11072	2.360965888
K09761	2.356635874
K03326	2.35637506
K01588	2.355184677
K01945	2.355184677
K03442	2.355000035
K12574	2.353879391
K18906	2.353879391
K01633	2.353111754
K03923	2.350068668
K01419	2.348935417
K03667	2.348935417
K03571	2.346318624
K07706	2.346215895
K05910	2.346173234
K06216	2.346173234
K03976	2.346112846
K13041	2.346000926
K00257	2.343790503
K01914	2.343336357
K11175	2.342806611
K03218	2.342331128
K01462	2.340965753
K01933	2.340048241
K02238	2.339320635
K18891	2.339320635
K18892	2.339320635
K00075	2.33029569
K01872	2.33029569
K03437	2.329362641
K03588	2.322413929
K00849	2.319515637
K00287	2.317554298
K03439	2.315104044
K01243	2.314949424
K03118	2.310540918
K11991	2.308387276
K08998	2.304505072
K04072	2.30357273
K03569	2.303530205
K07024	2.303035953
K03621	2.302618615
K00571	2.302181157
K01915	2.302181157
K06881	2.301669918
K00020	2.300634367
K00948	2.300634367
K01876	2.300634367
K01926	2.300634367
K13789	2.297702578
K01783	2.29755655
K01409	2.295384266
K03734	2.295384266
K00764	2.294261514
K00859	2.294207844
K03768	2.291847545
K07171	2.291847545
K03601	2.290300088
K02028	2.289921371
K01835	2.289813272
K03060	2.289813272
K02445	2.289720201
K03536	2.288652697
K18682	2.287941583
K01893	2.286806004
K02653	2.286806004
K03531	2.286806004
K07456	2.286806004
K07054	2.286574644
K00057	2.286497182
K09747	2.286366504
K00783	2.285322248
K02548	2.28318764
K03168	2.28318764
K01951	2.280157987
K06975	2.279404123
K04096	2.278957509
K00762	2.27885519
K17363	2.27885519
K01465	2.277658998
K01894	2.276167147
K02652	2.276167147
K08311	2.276167147
K10806	2.276167147
K00865	2.275521452
K09861	2.274482066
K07404	2.274352113
K07023	2.271478534
K13040	2.271478534
K01060	2.270809352
K02601	2.270567617
K00088	2.266105395
K00133	2.266105395
K00147	2.266105395
K00241	2.266105395
K00384	2.266105395
K00554	2.266105395
K00560	2.266105395
K00600	2.266105395
K00602	2.266105395
K00604	2.266105395
K00756	2.266105395
K00789	2.266105395
K00806	2.266105395
K00820	2.266105395
K00858	2.266105395
K00927	2.266105395
K00931	2.266105395
K00939	2.266105395
K00969	2.266105395
K01000	2.266105395
K01056	2.266105395
K01520	2.266105395
K01756	2.266105395
K01810	2.266105395
K01866	2.266105395
K01867	2.266105395
K01868	2.266105395
K01869	2.266105395
K01870	2.266105395
K01873	2.266105395
K01875	2.266105395
K01881	2.266105395
K01883	2.266105395
K01887	2.266105395
K01889	2.266105395
K01890	2.266105395
K01892	2.266105395
K01925	2.266105395
K01929	2.266105395
K01937	2.266105395
K01938	2.266105395
K01939	2.266105395
K01972	2.266105395
K02030	2.266105395
K02314	2.266105395
K02335	2.266105395
K02337	2.266105395
K02338	2.266105395
K02340	2.266105395
K02357	2.266105395
K02503	2.266105395
K02518	2.266105395
K02519	2.266105395
K02520	2.266105395
K02528	2.266105395
K02563	2.266105395
K02600	2.266105395
K02834	2.266105395
K02835	2.266105395
K02836	2.266105395
K02838	2.266105395
K02863	2.266105395
K02864	2.266105395
K02867	2.266105395
K02871	2.266105395
K02874	2.266105395
K02876	2.266105395
K02878	2.266105395
K02879	2.266105395
K02881	2.266105395
K02884	2.266105395
K02886	2.266105395
K02887	2.266105395
K02888	2.266105395
K02890	2.266105395
K02892	2.266105395
K02895	2.266105395
K02899	2.266105395
K02904	2.266105395
K02906	2.266105395
K02909	2.266105395
K02911	2.266105395
K02916	2.266105395
K02926	2.266105395
K02931	2.266105395
K02933	2.266105395
K02935	2.266105395
K02939	2.266105395
K02946	2.266105395
K02948	2.266105395
K02950	2.266105395
K02952	2.266105395
K02956	2.266105395
K02959	2.266105395
K02961	2.266105395
K02963	2.266105395
K02965	2.266105395
K02967	2.266105395
K02968	2.266105395
K02982	2.266105395
K02986	2.266105395
K02988	2.266105395
K02990	2.266105395
K02992	2.266105395
K02994	2.266105395
K02996	2.266105395
K03043	2.266105395
K03046	2.266105395
K03075	2.266105395
K03077	2.266105395
K03106	2.266105395
K03110	2.266105395
K03177	2.266105395
K03320	2.266105395
K03322	2.266105395
K03495	2.266105395
K03496	2.266105395
K03550	2.266105395
K03551	2.266105395
K03553	2.266105395
K03555	2.266105395
K03572	2.266105395
K03584	2.266105395
K03595	2.266105395
K03596	2.266105395
K03602	2.266105395
K03625	2.266105395
K03631	2.266105395
K03650	2.266105395
K03664	2.266105395
K03665	2.266105395
K03685	2.266105395
K03687	2.266105395
K03702	2.266105395
K03703	2.266105395
K03723	2.266105395
K03977	2.266105395
K03979	2.266105395
K04066	2.266105395
K04075	2.266105395
K04077	2.266105395
K04078	2.266105395
K04567	2.266105395
K06167	2.266105395
K06187	2.266105395
K06925	2.266105395
K06942	2.266105395
K06949	2.266105395
K07258	2.266105395
K07447	2.266105395
K07566	2.266105395
K09773	2.266105395
K09903	2.266105395
K10254	2.266105395
K10773	2.266105395
K15634	2.266105395
K15738	2.266105395
K18139	2.266105395
K19302	2.266105395
K06158	2.264443579
K11749	2.263921842
K01776	2.262953765
K00759	2.26246237
K01507	2.26246237
K01874	2.26246237
K01924	2.26246237
K01952	2.26246237
K02341	2.26246237
K02343	2.26246237
K02860	2.26246237
K02970	2.26246237
K03501	2.26246237
K07462	2.26246237
K03470	2.262047277
K02316	2.262017987
K02529	2.262017987
K02358	2.260679093
K01581	2.260264512
K03978	2.260078241
K09748	2.260078241
K02039	2.258869049
K01778	2.25855624
K05366	2.25855624
K03570	2.258523736
K00761	2.258154046
K01993	2.257496321
K02902	2.25658447
K00248	2.254933209
K00852	2.25435439
K01438	2.251469761
K07560	2.249629165
K11753	2.242589401
K01714	2.241257156
K01493	2.240420179
K02005	2.239563574
K04043	2.239563574
K01934	2.239107639
K03892	2.238721063
K03311	2.238417983
K06889	2.236553963
K01591	2.233276723
K06221	2.233043218
K03544	2.232296658
K04074	2.231476196
K12573	2.231476196
K02493	2.229543083
K06207	2.229543083
K09710	2.229543083
K01989	2.227521318
K13038	2.227521318
K01928	2.22551453
K06217	2.22551453
K07102	2.225252754
K02040	2.223868328
K07107	2.223474203
K00942	2.222577419
K00981	2.218483462
K04516	2.21448742
K02687	2.213430102
K06281	2.209034017
K06282	2.209034017
K03217	2.208490487
K00134	2.205905252
K03471	2.205765389
K00615	2.205548924
K00215	2.201172826
K02837	2.201172826
K02108	2.19722073
K01847	2.195119063
K02115	2.192343726
K00823	2.190876629
K03640	2.1907263
K02111	2.190701812
K07588	2.1887783
K02110	2.187690429
K02112	2.187690429
K02114	2.187151015
K03589	2.186132535
K05847	2.185624733
K05985	2.18550464
K03655	2.185422692
K01286	2.181630254
K07223	2.181630254
K02313	2.179516123
K09797	2.17796616
K01809	2.177432979
K03620	2.176451398
K03469	2.174911835
K11717	2.171697085
K15977	2.161597469
K18331	2.155488595
K07078	2.147690269
K03585	2.143105836
K01270	2.13924707
K06310	2.13810683
K08728	2.132398049
K06199	2.131049484
K01676	2.130480648
K00655	2.130319004
K08483	2.122278828
K01267	2.122046801
K02356	2.122046801
K09790	2.119664589
K03282	2.116438678
K04042	2.113091832
K03524	2.112450409
K01821	2.110492448
K08972	2.110062263
K01258	2.109631472
K01754	2.109631472
K03305	2.109631472
K06295	2.109631472
K09014	2.109631472
K03701	2.103653155
K00943	2.102077764
K07444	2.101691988
K09825	2.101691988
K07124	2.101570586
K03558	2.101543521
K02564	2.100826331
K02113	2.099467473
K00853	2.093393147
K03565	2.092867259
K00763	2.092590327
K00847	2.092392943
K07085	2.092392943
K02073	2.088249312
K09458	2.086455938
K00661	2.085018648
K14682	2.083027463
K01838	2.082335295
K03771	2.082086974
K00286	2.080821998
K11069	2.080466583
K02109	2.07652071
K02945	2.073103416
K01962	2.072858629
K00033	2.071775992
K01834	2.066340728
K00677	2.063814966
K02355	2.063046866
K00609	2.062480054
K01919	2.057427583
K11102	2.057427583
K01921	2.055800462
K01619	2.055597715
K00243	2.054840305
K02440	2.053986179
K03708	2.052785527
K03492	2.049990635
K06180	2.048281367
K00027	2.047127435
K06013	2.047127435
K06317	2.046852052
K03073	2.044570272
K09808	2.044123331
K02067	2.04187401
K02919	2.039406094
K04763	2.03806803
K00954	2.036693447
K01491	2.036693447
K01586	2.036693447
K07386	2.036693447
K06387	2.035766252
K02907	2.034023261
K11733	2.025269896
K03210	2.02485527
K00940	2.023709885
K01953	2.023094233
K04485	2.023094233
K00336	2.016611916
K02424	2.011089699
K10009	2.011089699
K00946	2.007841943
K01414	2.005376676
K07277	2.004758801
K01807	2.004251674
K05807	2.002734979
K03561	1.998350684
K07027	1.995345933
K14205	1.994873819
K10010	1.991503365
K03269	1.977034656
K18332	1.976017404
K06191	1.975701435
K19405	1.975695543
K01118	1.967623805
K12251	1.967061946
K06378	1.964931865
K07091	1.964496288
K19157	1.964496288
K00566	1.963148394
K19411	1.963148394
K01187	1.960211017
K01424	1.955672186
K03424	1.9535773
K00791	1.952680573
K07723	1.948645631
K03648	1.94654999
K09117	1.945274435
K18928	1.945274435
K18929	1.945274435
K11720	1.944469799
K01104	1.940578833
K00748	1.935388875
K00912	1.935388875
K00979	1.935388875
K01627	1.935388875
K02527	1.935388875
K06861	1.935388875
K02523	1.932974061
K07652	1.931529605
K02078	1.931298334
K03281	1.929848153
K09015	1.926084332
K16055	1.923408836
K01575	1.92340459
K05592	1.920999138
K08153	1.92083722
K00887	1.920094737
K13678	1.918335643
K00428	1.9135215
K06426	1.913494673
K03775	1.911374541
K02077	1.905124164
K01744	1.903600932
K00527	1.902163324
K00627	1.90138486
K06131	1.900587181
K06885	1.899272646
K02536	1.894765351
K00997	1.893784962
K01470	1.8903868
K07118	1.8903868
K06395	1.88914403
K12340	1.887939262
K17810	1.887939262
K06296	1.887108878
K05919	1.881655967
K03624	1.881167781
K03559	1.881004543
K13281	1.88005568
K00845	1.879860374
K00382	1.877216222
K00798	1.877216222
K07089	1.87505619
K01621	1.874739225
K02245	1.86969709
K01994	1.869253211
K03427	1.869253211
K03453	1.869253211
K06305	1.869253211
K06328	1.869253211
K06386	1.869253211
K06286	1.868918108
K01372	1.867130825
K03719	1.864374232
K09810	1.864374232
K03327	1.862370428
K07056	1.860147203
K00036	1.858598198
K06178	1.858598198
K00951	1.858080401
K01823	1.858080401
K12700	1.852690834
K07668	1.851815341
K02029	1.848440774
K03770	1.84804764
K11996	1.842922406
K16012	1.839698462
K16013	1.839698462
K02840	1.835469463
K10563	1.83503948
K07090	1.831904483
K03716	1.831553499
K03079	1.830192091
K08724	1.829610855
K08094	1.829198917
K01246	1.828513884
K06373	1.824301617
K16323	1.823809776
K14170	1.822611814
K05822	1.822359742
K04769	1.818385741
K00364	1.817046636
K03722	1.817046636
K02076	1.816662413
K01533	1.814974738
K01101	1.813997858
K00782	1.813616418
K01784	1.813616418
K06406	1.813616418
K09779	1.813616418
K06379	1.812524313
K06398	1.812524313
K06399	1.812524313
K06405	1.812524313
K06012	1.810573491
K11754	1.809765098
K06374	1.807797511
K02558	1.805275026
K06407	1.805275026
K00876	1.800723567
K07263	1.791655279
K10112	1.790046615
K01760	1.781454882
K01580	1.780910352
K03455	1.777774395
K00760	1.777769814
K02066	1.773260765
K00547	1.772813944
K03606	1.772804224
K03832	1.768569561
K10679	1.768569561
K16925	1.768186047
K02240	1.762186942
K02243	1.762186942
K03048	1.762186942
K03346	1.762186942
K06948	1.762186942
K09976	1.762186942
K11144	1.762186942
K18692	1.762186942
K00691	1.761441811
K02622	1.750967019
K03386	1.750967019
K02621	1.75017646
K07793	1.748739877
K03744	1.747579724
K09922	1.747490221
K01755	1.742704191
K02843	1.742373011
K02065	1.741797815
K01092	1.740882281
K09157	1.739310374
K03366	1.735363963
K04086	1.735363963
K02074	1.735006454
K02075	1.735006454
K00425	1.733536825
K00426	1.733536825
K03313	1.733536825
K02372	1.723316562
K07699	1.723191598
K00574	1.72071599
K09685	1.719344886
K00526	1.714482548
K02859	1.710029356
K04517	1.706151653
K11105	1.701257233
K03289	1.699006419
K16509	1.697711351
K03709	1.696811226
K08191	1.691317066
K08161	1.68176109
K12942	1.679762449
K00162	1.678889531
K00161	1.678554119
K02773	1.678463484
K01811	1.678306026
K03293	1.678109457
K01991	1.67774868
K01256	1.676557467
K03116	1.676557467
K04047	1.673130723
K01956	1.671389258
K00076	1.66918488
K02242	1.66918488
K01153	1.66756524
K09680	1.66736074
K06412	1.667098048
K00244	1.666411669
K07183	1.664113411
K00164	1.663243638
K06381	1.663243638
K01597	1.663095056
K12343	1.663065641
K01589	1.662971295
K09769	1.66178395
K19005	1.661225846
K03315	1.661150571
K06391	1.659410559
K01955	1.659365495
K03590	1.658771002
K07069	1.658502384
K11537	1.65273476
K01197	1.651856566
K07305	1.651125096
K02221	1.648116724
K02456	1.641944701
K01772	1.640417053
K07304	1.638507998
K00346	1.637611233
K00347	1.637611233
K00348	1.637611233
K00349	1.637611233
K00350	1.637611233
K00351	1.637611233
K10439	1.636016805
K14188	1.635730803
K03367	1.635639548
K03739	1.635639548
K03740	1.635639548
K02426	1.631767962
K01785	1.631034797
K16053	1.629108464
K01071	1.628638696
K01142	1.628315096
K03587	1.627372692
K17074	1.627372692
K15554	1.626562441
K06890	1.625794317
K02246	1.625178696
K01089	1.625045177
K01620	1.625033408
K10541	1.623560976
K12555	1.62326304
K02169	1.621952894
K01878	1.621866532
K01879	1.621866532
K00054	1.619214246
K00869	1.619214246
K00938	1.619214246
K01641	1.619214246
K02244	1.619214246
K03095	1.619214246
K06198	1.619214246
K16169	1.619214246
K02517	1.618975722
K08987	1.614850998
K19353	1.614332791
K02744	1.61127147
K01058	1.610411848
K09939	1.603316577
K03113	1.601263667
K03799	1.601263667
K18691	1.601263667
K05846	1.598961322
K02437	1.598946688
K17716	1.597875115
K03473	1.593108719
K11065	1.590557425
K03823	1.587833011
K01284	1.585680244
K13378	1.580227552
K01791	1.576680812
K01918	1.575674588
K00265	1.571952283
K00857	1.571392287
K00867	1.570709846
K09698	1.570575375
K13993	1.570465041
K12952	1.567497381
K00606	1.564934798
K08223	1.562579208
K01002	1.56112317
K05337	1.559401929
K00963	1.557784516
K08156	1.555981301
K02082	1.55534658
K07130	1.554834866
K02014	1.552677369
K06209	1.54902191
K06409	1.548971606
K01916	1.548658144
K03697	1.546568275
K19294	1.546568275
K02825	1.546457128
K06878	1.546457128
K13043	1.543453113
K02086	1.542473931
K02669	1.532654906
K07979	1.529564641
K01144	1.525437432
K01277	1.525437432
K00648	1.524704159
K12373	1.515059487
K03975	1.511613994
K03568	1.511462459
K02428	1.509985394
K07029	1.508392313
K07496	1.507553049
K05306	1.504321523
K01840	1.502013992
K05340	1.502013992
K03885	1.500518507
K02236	1.499937299
K01803	1.497766956
K13694	1.495252062
K03294	1.495128612
K09758	1.494883264
K16363	1.492908123
K01585	1.489692984
K05823	1.479805009
K03474	1.477501322
K11085	1.477433571
K01681	1.475784865
K01281	1.472226647
K07405	1.472153338
K18856	1.472153338
K06400	1.469856612
K00334	1.469647854
K01241	1.465432728
K02361	1.465432728
K00366	1.464065351
K00970	1.461633795
K03839	1.461633795
K03647	1.457958489
K00284	1.457230764
K01222	1.457230764
K03592	1.457230764
K00603	1.454051707
K02027	1.451492025
K09011	1.448885225
K09692	1.44481489
K01186	1.443700997
K01173	1.440385549
K07148	1.439359638
K09457	1.437539829
K01802	1.43507601
K01960	1.428789372
K03530	1.428479826
K12524	1.428479826
K00335	1.422587353
K01358	1.418033604
K05606	1.417807977
K00432	1.416025891
K07105	1.415067246
K02551	1.414198483
K18785	1.413278684
K03430	1.411632131
K06408	1.407028627
K07053	1.405444919
K01647	1.404073739
K00982	1.403868418
K01661	1.403044184
K02484	1.402793284
K16089	1.401686682
K16209	1.401316941
K07003	1.40115673
K00897	1.397182025
K03773	1.396583446
K07407	1.395681545
K00375	1.394190281
K00605	1.389381712
K02444	1.389237953
K09118	1.386370579
K03324	1.380345524
K07149	1.379874264
K00208	1.378197511
K01495	1.37550244
K01297	1.375478149
K07259	1.375478149
K01579	1.374717538
K09789	1.373818255
K17073	1.372436386
K08281	1.370940857
K00338	1.369873731
K06411	1.367712011
K03543	1.366054545
K06142	1.362627834
K07260	1.3516844
K06143	1.351251935
K07403	1.350727685
K00341	1.347636497
K03803	1.347636497
K00331	1.346164405
K00343	1.346164405
K08659	1.343300295
K03778	1.338761461
K04653	1.337699367
K03666	1.33649779
K01911	1.335715567
K00340	1.335179467
K18138	1.334707949
K01779	1.334095485
K08717	1.331580674
K00339	1.32619959
K00342	1.32619959
K00525	1.32619959
K00337	1.321628496
K00980	1.320906653
K01897	1.318916932
K00330	1.316107158
K01439	1.31589385
K01218	1.315687261
K01442	1.315687261
K07098	1.310561811
K14445	1.304465573
K15555	1.303958862
K00016	1.302141571
K07483	1.302141571
K01787	1.301403406
K02198	1.290083644
K01205	1.28951207
K13953	1.285454333
K07491	1.28479849
K06888	1.283796385
K06333	1.280684912
K03718	1.272922984
K01449	1.26996242
K15727	1.262696527
K17076	1.25963185
K07137	1.252546846
K04486	1.247866647
K13018	1.247866647
K01159	1.247799875
K00796	1.239676434
K06188	1.236164238
K10974	1.22948992
K00030	1.221647323
K08093	1.221434677
K09768	1.221434677
K18926	1.221185421
K02897	1.220805948
K05350	1.219403936
K06923	1.202012334
K02342	1.199400099
K00240	1.197825266
K00812	1.193683008
K00721	1.188485245
K02068	1.186184717
K15726	1.185425669
K01843	1.184651055
K08307	1.181847179
K07667	1.175745453
K03491	1.172419356
K06284	1.170899909
K03605	1.161661409
K08384	1.161661409
K01057	1.161573465
K00712	1.1598203
K00620	1.153908716
K03270	1.152967246
K18348	1.152828824
K01998	1.146373649
K06334	1.146285219
K05970	1.145447808
K03316	1.14483903
K10708	1.141159524
K01693	1.130284418
K19117	1.130284418
K07075	1.130093312
K01711	1.114237005
K02502	1.109732754
K19119	1.109597598
K19118	1.108956997
K08600	1.10818185
K07192	1.099104986
K07657	1.089864395
K00658	1.086165074
K01997	1.080670145
K06915	1.080436427
K02010	1.080195261
K07322	1.080138745
K13853	1.07903241
K03724	1.078617224
K07452	1.077237871
K09181	1.069844528
K06859	1.066925154
K04655	1.061620402
K01995	1.061292083
K03308	1.058184459
K04084	1.050183169
K01996	1.047566183
K01179	1.044138565
K04656	1.040201185
K00797	1.038313394
K06179	1.0378834
K02377	1.033139576
K04654	1.029854856
K01626	1.029237128
K08217	1.024109636
K13747	1.021322789
K01206	1.020334141
K03767	1.011615701
K02614	1.010997328
K00652	1.009361888
K02303	1.0077292
K01278	1.006635748
K00833	1.006604483
K00290	1.004987724
K02775	1.004036477
K16924	1.002410629
K01677	1.001241849
K01678	1.001241849
K00239	0.993798737
K02107	0.9891218688
K01524	0.9880466255
K07727	0.986970127
K19508	0.9815956084
K03183	0.9814667965
K02446	0.9807097557
K00282	0.9786880976
K07335	0.9760492216
K13288	0.9712366942
K00283	0.9704757424
K07080	0.9652566355
K06872	0.9633965463
K09793	0.9598851172
K00821	0.9584801432
K01255	0.9583243777
K01895	0.9563768653
K09974	0.9516907364
K07152	0.9456095474
K18369	0.9392851698
K01808	0.9336274237
K12990	0.9232456879
K01858	0.9197926401
K01880	0.9176174764
K01715	0.9159175307
K02379	0.9132546237
K07776	0.9121503086
K07007	0.9093005673
K02429	0.9040192222
K07473	0.902190783
K01190	0.9008976624
K02427	0.8995388451
K02533	0.8995388451
K08305	0.8995388451
K09774	0.8995388451
K00355	0.889034605
K19509	0.8871878057
K00841	0.8856324524
K01026	0.8856324524
K02193	0.8856324524
K02194	0.8856324524
K02195	0.8856324524
K02197	0.8856324524
K09791	0.8856324524
K03820	0.8776393792
K10117	0.875566261
K07459	0.8754826394
K18707	0.8695351781
K13921	0.8683217882
K07713	0.8664367768
K15633	0.8657655598
K16957	0.864615825
K16958	0.864615825
K16959	0.864615825
K01006	0.8637907599
K03928	0.8616041955
K02745	0.8573844149
K08316	0.8565565081
K16371	0.8563891035
K02495	0.8507681869
K01685	0.8502411247
K02535	0.8502048659
K09704	0.8502048659
K13923	0.8483943946
K19505	0.8458073759
K09002	0.8441633904
K09955	0.841653953
K03286	0.8401014444
K08177	0.8390231064
K00373	0.8371672164
K07099	0.8371672164
K00370	0.8349937066
K00371	0.8349937066
K08313	0.8347917645
K01201	0.8282332461
K03638	0.8270194116
K02747	0.8267856558
K01338	0.8221604595
K00793	0.8171159996
K09770	0.8171159996
K00128	0.8151278005
K07139	0.8126305929
K00640	0.8123617566
K03615	0.8103569883
K18930	0.8102799097
K06920	0.8087586579
K00050	0.8069681381
K03089	0.806257296
K03306	0.8057048777
K07301	0.8041249203
K19507	0.8038406137
K07220	0.8028080305
K00124	0.7940996105
K03929	0.7936649758
K03737	0.7915521067
K01770	0.7906484928
K02259	0.7880883885
K03296	0.7876894308
K00626	0.7858992589
K19286	0.7858992589
K00818	0.7858720249
K13015	0.7834531877
K00766	0.7831611514
K07272	0.7827399242
K07154	0.7816950389
K13012	0.7811791833
K05776	0.7789852199
K07114	0.7778966736
K11704	0.7767378978
K00772	0.7760445625
K06921	0.7759444507
K06383	0.7749713732
K09882	0.7734958233
K01935	0.7732085666
K07164	0.7721811275
K04754	0.7710318537
K07323	0.7710318537
K08304	0.7710318537
K09937	0.7710318537
K05810	0.7692318582
K09022	0.7647372533
K03527	0.7615019016
K00099	0.7614810325
K03526	0.7614810325
K01658	0.7604592556
K01751	0.7589752716
K03641	0.7564176097
K00086	0.7558096216
K11927	0.7552645989
K05805	0.7547163357
K14261	0.7547163357
K01433	0.7542557232
K17759	0.7515704044
K01480	0.7507030349
K01975	0.746526888
K07240	0.746526888
K02509	0.7446918513
K18009	0.7424364724
K19267	0.7422194893
K03562	0.7413706702
K11617	0.7394429227
K00813	0.7371539445
K01494	0.7365679226
K00681	0.7359612795
K05808	0.7357212468
K01950	0.7354566493
K07146	0.7331854316
K11618	0.7313364614
K07770	0.7299152655
K02525	0.7271011097
K03280	0.7271011097
K08303	0.7214438992
K01081	0.7211727501
K07017	0.7205689117
K03614	0.7190272176
K03617	0.7178469117
K03560	0.7156092166
K00800	0.7143724154
K00962	0.7143724154
K01736	0.7140666035
K00968	0.7133231077
K06929	0.7127858079
K03613	0.7119160962
K01740	0.71032073
K08289	0.709217518
K11690	0.709217518
K03644	0.7091417516
K02121	0.7049291814
K17103	0.7019755342
K01815	0.7015727879
K03578	0.7015680992
K01657	0.7007951044
K07712	0.6988853888
K00014	0.6971680196
K10006	0.6971680196
K10007	0.6971680196
K10008	0.6971680196
K09134	0.6955776963
K01735	0.6955500614
K07313	0.6929744147
K06168	0.6929031122
K05795	0.6924570272
K02746	0.6922586853
K02191	0.6915978286
K03399	0.6915978286
K03342	0.6915375729
K03186	0.6909167519
K16960	0.6880892317
K09798	0.6854341067
K04087	0.6846071083
K04088	0.6846071083
K05845	0.6844848499
K03752	0.6838172331
K07238	0.6820000494
K07650	0.6816516743
K12997	0.6770508101
K03801	0.672939949
K03753	0.6704122104
K01699	0.6703417906
K01479	0.6700832647
K18888	0.6687254259
K01354	0.6648538903
K04651	0.6638265212
K01696	0.6634877461
K01209	0.6594881112
K00645	0.6561067083
K14393	0.6561067083
K19545	0.6530302433
K07282	0.6458866269
K02386	0.644240739
K02393	0.644240739
K02394	0.644240739
K00123	0.6436629318
K03594	0.6427571408
K01048	0.6423057657
K03525	0.6421686275
K03414	0.6386591983
K00662	0.6343574348
K02823	0.6343574348
K02385	0.6329956169
K04079	0.63220384
K01737	0.6316462074
K03310	0.6300755272
K01625	0.629756592
K01695	0.629756592
K08999	0.6282571551
K06192	0.6277620141
K03117	0.6265423654
K04652	0.6260412831
K05362	0.6260412831
K10005	0.6244541655
K03486	0.6242239198
K06204	0.6240535645
K01496	0.6224506619
K09935	0.621255719
K02116	0.6205215274
K03925	0.6184928636
K13787	0.6167331847
K03694	0.6145679842
K07043	0.6130435815
K17722	0.6083118165
K03325	0.6045831256
K02806	0.6041822229
K06941	0.6025480373
K15770	0.6019198939
K01478	0.6015511594
K06200	0.6011877916
K09925	0.6006172925
K04744	0.6005860666
K07002	0.5983768409
K06969	0.5959518668
K01523	0.59529403
K00058	0.5938818288
K03274	0.5890287995
K01698	0.5882622735
K06076	0.5868292401
K00966	0.5850618429
K01226	0.5832330451
K10805	0.5817706393
K15923	0.5790710391
K03743	0.5730966168
K08301	0.5725755775
K15725	0.5715298074
K06996	0.5713475135
K18704	0.570195935
K12270	0.5701759269
K18197	0.5677733638
K10118	0.5665151172
K02291	0.5664935588
K06987	0.5657844735
K01425	0.5655147178
K11706	0.5654771691
K07696	0.5639164875
K18979	0.5636892473
K12553	0.5632485025
K10119	0.5624366531
K11705	0.561997776
K06287	0.5618455874
K00573	0.5610588355
K18234	0.5606523329
K07741	0.5599963303
K12556	0.5584241081
K02492	0.5583700748
K05520	0.5582597832
K00344	0.5555058225
K01361	0.5555058225
K01638	0.5539434369
K08372	0.5530555009
K10804	0.5528347442
K00844	0.5516959951
K07457	0.5505822327
K04773	0.5484081322
K06001	0.5477675732
K09951	0.5477408961
K00687	0.5474901064
K01571	0.5464956251
K00528	0.5460856466
K03410	0.5439750175
K09800	0.5432613537
K18581	0.5431578903
K07278	0.5416002097
K15371	0.5387567611
K00175	0.5348491329
K01805	0.5341275003
K06910	0.5326832755
K02019	0.5302523705
K02054	0.5300154856
K13788	0.5289926303
K03503	0.5280457655
K05788	0.5259002263
K02654	0.5255549321
K01768	0.5243567302
K00041	0.5236879253
K01845	0.5219723058
K00174	0.5216608718
K15771	0.5187696186
K07276	0.5151401409
K00690	0.5124250689
K03660	0.5119542514
K03449	0.5119015384
K01451	0.5115514217
K04764	0.5094321561
K00990	0.5078832168
K01444	0.5058314394
K12506	0.503829281
K00113	0.5014786318
K07497	0.4999454643
K01629	0.4997807882
K01686	0.4996839665
K06714	0.4993610582
K01609	0.496855038
K02119	0.4961388332
K03149	0.4960742545
K00705	0.4957563131
K08369	0.4948654497
K18887	0.4923865386
K13963	0.4909337303
K03750	0.4906738354
K15772	0.4903691331
K19271	0.4888926193
K01207	0.4868154735
K00632	0.4863238493
K00097	0.4850214834
K06606	0.4834924087
K11041	0.4834924087
K03148	0.4823832341
K10819	0.4823832341
K07248	0.481832715
K00819	0.4811862794
K03841	0.4802402341
K02117	0.4790431364
K02118	0.4790431364
K02120	0.4790431364
K02123	0.4790431364
K02124	0.4790431364
K00971	0.478305006
K00102	0.4773273052
K04024	0.4753190528
K15342	0.472931318
K16011	0.4728870734
K11473	0.4726512236
K00266	0.4709560745
K02052	0.4699754123
K03634	0.4680671774
K05589	0.4680671774
K02053	0.4679111918
K02055	0.4679111918
K03608	0.4671892254
K05343	0.4667845289
K00046	0.4651625375
K05540	0.4628707613
K10985	0.4618774012
K10986	0.4618774012
K06193	0.4610276751
K03332	0.4578357971
K07012	0.4573211039
K08643	0.4573211039
K12296	0.4573211039
K12998	0.4573211039
K14982	0.4573211039
K14983	0.4573211039
K18474	0.4573211039
K02012	0.4567622494
K13893	0.4546235213
K08986	0.4509924728
K06182	0.448570729
K11209	0.4485002997
K03642	0.4461278545
K02044	0.4452173938
K01446	0.4451105472
K02771	0.4439044409
K06438	0.4439044409
K07004	0.4439044409
K12294	0.4439044409
K12295	0.4439044409
K18216	0.4439044409
K18217	0.4439044409
K03312	0.4437954995
K03693	0.4424133047
K03769	0.4409105909
K02057	0.4402702174
K06382	0.4376883986
K00799	0.437255958
K04092	0.4367091012
K03154	0.4363608545
K03147	0.4361645373
K07321	0.4353450777
K06283	0.4353218187
K06396	0.4353072387
K06871	0.4352994578
K02280	0.43518194
K06385	0.4350424073
K06390	0.434454523
K06392	0.434454523
K06393	0.434454523
K06397	0.434454523
K17723	0.4317557798
K01274	0.4303248113
K13732	0.4303248113
K01903	0.4280809506
K18480	0.4279810213
K07221	0.4251447272
K13927	0.4233011508
K07406	0.4222822053
K01198	0.4220266414
K03182	0.4219387938
K07031	0.4219047512
K09690	0.4211007074
K01467	0.4207812512
K05916	0.4207812512
K07464	0.4207812512
K13019	0.4207812512
K11694	0.4196870356
K00556	0.4196419291
K00989	0.4196419291
K01666	0.4196419291
K02371	0.4196419291
K06195	0.4196419291
K13894	0.4196419291
K13895	0.4196419291
K16926	0.4196419291
K18702	0.4196419291
K01261	0.4189797876
K10548	0.4189797876
K00986	0.4189199407
K00769	0.4170481539
K07224	0.4163724778
K16301	0.4163724778
K01008	0.4158169645
K10547	0.4144632074
K06016	0.4132239014
K13919	0.4131476873
K13920	0.4131476873
K02224	0.4128305135
K05516	0.4126121016
K08300	0.4113138561
K19055	0.4112022959
K11782	0.410443738
K03833	0.4097620662
K01567	0.408212233
K02441	0.4074356119
K03824	0.4071791131
K06042	0.4054685051
K03637	0.405201661
K02011	0.4042328058
K07243	0.4041898682
K01669	0.4041435838
K09952	0.4039250586
K01596	0.4038985357
K02122	0.4036267118
K09858	0.4023604927
K02662	0.4014661203
K04564	0.4004532066
K00245	0.4003642943
K01673	0.3993387835
K11785	0.3990189721
K01607	0.398789035
K05801	0.3983503009
K03684	0.3978602992
K00246	0.3976734323
K01147	0.3976734323
K06189	0.3976734323
K08296	0.3975586924
K06394	0.3951796214
K00901	0.3945344644
K02858	0.3940747936
K07722	0.3929946163
K01091	0.3929027898
K01447	0.3922304053
K00055	0.3912074651
K11737	0.3889053219
K06223	0.3870319213
K07467	0.3861253154
K05936	0.3852228812
K01749	0.3836584624
K00874	0.3833728526
K02282	0.3833728526
K07709	0.3825679893
K16153	0.3818419807
K01615	0.3801309416
K03575	0.3781855368
K07109	0.3771579774
K10711	0.3716157982
K05363	0.3713389995
K07749	0.3711139525
K15778	0.3692965201
K01042	0.3684282409
K07011	0.3679870708
K00641	0.3668586872
K04031	0.3654965947
K01191	0.3645820252
K18285	0.3614972075
K18013	0.3603122589
K02315	0.3578432902
K07726	0.3544015963
K01813	0.3521724558
K02455	0.3513790842
K11784	0.3513790842
K05346	0.350392877
K07448	0.3488755228
K01812	0.3484072868
K00767	0.3480351552
K07787	0.3472961386
K11392	0.347197344
K01483	0.3457026578
K18014	0.3452836609
K08961	0.3452429749
K11752	0.3448603455
K01436	0.3433776578
K15669	0.3431296995
K08969	0.3430382026
K01119	0.341940992
K01095	0.3411773907
K07034	0.3404438948
K11695	0.3403791856
K00639	0.3397210454
K03465	0.338840542
K10984	0.3371101978
K06905	0.3360197046
K09794	0.3359821235
K07458	0.3351157273
K11527	0.3337837046
K14623	0.3333957583
K06015	0.3325435699
K10241	0.3325435699
K16784	0.332473432
K02025	0.332460462
K18330	0.3318181926
K14652	0.3314719403
K07037	0.3292519046
K19052	0.3286302435
K02232	0.3251507682
K13922	0.3251507682
K00177	0.3220713773
K01420	0.321844315
K07590	0.3213165802
K03707	0.3199368898
K01466	0.3197599802
K00768	0.3195541175
K03411	0.3190439867
K01034	0.3184266637
K01035	0.3184266637
K02856	0.3184266637
K12996	0.3184266637
K01303	0.3154916164
K12452	0.3151171936
K00176	0.3143895372
K01485	0.3143895372
K07862	0.3138627496
K11381	0.3123052691
K16235	0.3110459574
K00757	0.3103180178
K00702	0.3096678341
K02227	0.3090103839
K01644	0.308116235
K13497	0.3069275247
K13714	0.3065168779
K08170	0.3064582479
K10672	0.3047277645
K02056	0.3043183171
K02233	0.3043017007
K09979	0.3008293642
K16264	0.3006411799
K09684	0.2996379439
K07271	0.2985197249
K00065	0.2977417816
K01922	0.2968743847
K00297	0.2964071927
K02231	0.2958090314
K09125	0.2947364502
K02026	0.2946166226
K11692	0.2931136662
K18816	0.2915303237
K09163	0.2904726329
K04041	0.2901840654
K04749	0.2896917444
K03738	0.2870615703
K13640	0.2864677135
K03271	0.2853762732
K03758	0.2849877781
K03970	0.2846156731
K03974	0.2846156731
K06039	0.2846156731
K07799	0.2846156731
K09136	0.2846156731
K01082	0.2835935331
K01007	0.2818845295
K11614	0.2804158586
K08352	0.2800874732
K10206	0.2798332599
K02020	0.2796334219
K03179	0.2796026995
K06968	0.2794708307
K01492	0.2790906809
K00374	0.2781064006
K07121	0.2775211437
K07803	0.2775211437
K09857	0.2775211437
K09892	0.2775211437
K11179	0.2775211437
K04029	0.2771973226
K02017	0.2768315327
K07813	0.2767509469
K16211	0.2742512171
K07001	0.2738547961
K00611	0.2737568524
K03564	0.2733943898
K04767	0.27284849
K03426	0.2714357592
K07443	0.2704831641
K02018	0.2697173074
K02009	0.2695188786
K05895	0.2688921941
K01885	0.2688895705
K03457	0.2688625463
K02666	0.2672037534
K01598	0.2663076625
K15539	0.2660551774
K01679	0.2650311178
K07133	0.2650311178
K10778	0.2650311178
K12511	0.2650311178
K07576	0.2646825301
K06972	0.2631711678
K01662	0.262396886
K12410	0.2616471555
K07257	0.2603618203
K07719	0.2583901673
K07469	0.2569053624
K01155	0.2552425617
K15532	0.2541054768
K01665	0.2540597282
K09705	0.253569649
K03748	0.2532243264
K00394	0.2522811651
K00395	0.2522811651
K00533	0.2522811651
K19350	0.2509621299
K02380	0.2505835895
K00666	0.2502954556
K02647	0.2499801636
K12472	0.2498623133
K00886	0.2493884391
K01697	0.2493884391
K03563	0.2493884391
K03727	0.2493884391
K04751	0.2493884391
K07289	0.2493884391
K07503	0.2493884391
K07768	0.2493884391
K09009	0.2493884391
K11263	0.2493884391
K11533	0.2493884391
K13527	0.2493884391
K13570	0.2493884391
K13829	0.2493884391
K14153	0.2493884391
K16147	0.2493884391
K16650	0.2493884391
K17640	0.2493884391
K18955	0.2493884391
K19426	0.2493884391
K03394	0.249212196
K06937	0.2487951073
K08680	0.2487951073
K01910	0.2487436522
K02481	0.2487314513
K04772	0.2482481312
K16345	0.248161451
K01305	0.2480537882
K13626	0.2480537882
K14441	0.2478353864
K07006	0.2467758488
K00926	0.2464491368
K04757	0.2463097045
K05515	0.2463097045
K17320	0.2462040866
K01816	0.2460682106
K04562	0.2459302277
K10536	0.2457919877
K02483	0.2456321127
K11755	0.2419796238
K07451	0.2412756236
K18346	0.2412756236
K12992	0.2408884486
K02405	0.2407747534
K19710	0.2396211938
K02395	0.2389649956
K03780	0.2389059429
K09809	0.2387891166
K01476	0.2387714347
K05979	0.2385720786
K00383	0.2384611097
K02914	0.2380803143
K02651	0.2377384129
K00674	0.2373759173
K16906	0.237372034
K00169	0.2373089449
K00170	0.2373089449
K00172	0.2373089449
K15975	0.2349420755
K02477	0.2343934871
K07387	0.2339419255
K09740	0.2337184958
K01646	0.2324024399
K03787	0.2323267841
K09778	0.2323267841
K15460	0.2316847915
K07138	0.2309892212
K10242	0.2308631737
K00619	0.2307348544
K01595	0.2305114674
K02083	0.2300882995
K01643	0.2300032683
K07005	0.2298375783
K00941	0.2295363822
K02499	0.2289500046
K01999	0.2286035868
K00179	0.2282736069
K00180	0.2282736069
K09973	0.2270533045
K16905	0.2270533045
K12941	0.226182608
K03980	0.2259776941
K01734	0.2257260185
K03612	0.2255757227
K03534	0.2249812844
K13280	0.2237642298
K01163	0.2229620772
K08722	0.2221361804
K06886	0.222090606
K09949	0.2215510957
K02538	0.2213320284
K16927	0.2212304161
K02954	0.2204780698
K02406	0.2202796857
K02069	0.2200446622
K06196	0.2199994308
K05825	0.2194877288
K00381	0.218695046
K06177	0.2179769828
K19221	0.2179769828
K03926	0.2178659883
K17992	0.2175008288
K05800	0.2168162219
K02203	0.2149905696
K00848	0.2146091812
K16212	0.2142337167
K00060	0.214156212
K03781	0.214156212
K07705	0.214156212
K09004	0.214156212
K11691	0.214156212
K00096	0.2136778987
K12257	0.2136778987
K00891	0.2135869195
K05838	0.2135869195
K10441	0.2135869195
K16915	0.2135869195
K00832	0.2134924965
K01664	0.2134924965
K03446	0.2134924965
K05364	0.2134924965
K07047	0.2134924965
K09928	0.2134924965
K06973	0.2129555856
K01653	0.2124654768
K00074	0.2121707636
K08169	0.2108295492
K08984	0.2106569398
K00957	0.2092225783
K03616	0.2091617556
K06898	0.2088374295
K07074	0.2085732574
K17319	0.2083826748
K07397	0.2081113686
K00548	0.2080279845
K07315	0.2078616826
K15527	0.2075314867
K09141	0.2073876047
K01489	0.2073712569
K07032	0.2073712569
K03502	0.2072524721
K00801	0.2067600017
K07175	0.2067014096
K13542	0.206098865
K00437	0.2059733935
K03300	0.2059733935
K06951	0.2059733935
K07096	0.2059733935
K07168	0.2059733935
K10710	0.2059733935
K11180	0.2059733935
K11181	0.2059733935
K11646	0.2059733935
K13819	0.2059733935
K14091	0.2059733935
K18008	0.2059733935
K00008	0.2035071888
K02304	0.2033078509
K07182	0.2029879925
K08368	0.1993549563
K00856	0.1986127654
K02805	0.1986044866
K09007	0.1984092654
K03973	0.1981190063
K13821	0.197795489
K03387	0.1971022551
K05773	0.1962338238
K06857	0.1962338238
K01192	0.1955162467
K01129	0.1952390113
K03593	0.195110084
K10440	0.1950792016
K02422	0.1949594917
K00917	0.1949027505
K06990	0.1944231345
K12267	0.1943606899
K03319	0.1943528602
K13924	0.1932880946
K05772	0.1929825723
K11928	0.1925096646
K06971	0.1923814595
K11645	0.1920701859
K01487	0.191863146
K03272	0.1911889529
K07025	0.1911724708
K07160	0.1903320827
K02407	0.1899882933
K00879	0.1896116634
K09729	0.1895154939
K11261	0.1885896277
K13677	0.1885498527
K09131	0.1881210536
K03388	0.1875427582
K03389	0.1875427582
K03390	0.1875427582
K18475	0.1873638051
K09759	0.1870050799
K16881	0.1867484205
K07646	0.1865494153
K00973	0.1864017952
K09760	0.186094877
K02278	0.1860266864
K01886	0.1846172295
K06075	0.1842045804
K02438	0.1839192748
K02472	0.1835175782
K00156	0.1830275986
K15856	0.1829127179
K18345	0.1819559385
K02413	0.1813119299
K00013	0.1808172163
K03409	0.1804462473
K03827	0.1799832882
K02041	0.1797087496
K00930	0.1787007293
K00145	0.178651599
K01902	0.1781218196
K00278	0.1781081507
K07783	0.1779258334
K09807	0.1777511692
K00854	0.1774315503
K06907	0.1763399106
K00380	0.1755764832
K09121	0.1745686207
K02500	0.1741514756
K04750	0.1740655625
K05934	0.1740222601
K02501	0.1734684517
K03284	0.1734577194
K00318	0.1727694331
K11615	0.1710078994
K03451	0.1705161281
K00031	0.1691653007
K02587	0.1691653007
K03321	0.1689159324
K09703	0.1688607053
K03741	0.1683374577
K02189	0.1681930755
K07084	0.1681930755
K11783	0.1678054238
K09702	0.1677199025
K14086	0.1668415965
K14087	0.1668415965
K14088	0.1668415965
K14090	0.1668415965
K00765	0.1664741731
K00005	0.166217768
K00657	0.166217768
K07219	0.166217768
K08679	0.166217768
K14089	0.166217768
K02241	0.166147398
K08256	0.166147398
K13571	0.166147398
K12308	0.1654545225
K13653	0.1645267467
K03579	0.1643853726
K04023	0.1643260996
K00675	0.1641016553
K07710	0.1639780353
K19265	0.1639402775
K00325	0.1639050885
K02226	0.1636706708
K11358	0.1636706708
K06934	0.1635056242
K03335	0.162616367
K03517	0.1623497116
K06903	0.1623497116
K07488	0.1623497116
K09931	0.1623497116
K15383	0.1623497116
K16885	0.1623497116
K16886	0.1623497116
K16887	0.1623497116
K03340	0.1620202037
K00880	0.1615481004
K10795	0.1612546149
K10796	0.1612546149
K06873	0.1608028816
K10560	0.1605454779
K01468	0.1604279116
K02482	0.1602339017
K05816	0.1598651094
K02022	0.1595568894
K00851	0.159038601
K15635	0.1589216103
K07484	0.1587743104
K00171	0.1583507693
K03072	0.1570084522
K03074	0.1570084522
K10540	0.1561333818
K02667	0.1556678171
K03779	0.1552764015
K02188	0.1538594209
K03338	0.1537229206
K06902	0.1535322466
K09766	0.1535159208
K10561	0.1534348761
K00166	0.1521738183
K00167	0.1521738183
K03498	0.1521593929
K08325	0.1521593929
K14761	0.1509681554
K10559	0.1503334887
K16841	0.1500130423
K00198	0.1499455223
K06306	0.1498874158
K10542	0.1497954647
K15987	0.1497954647
K06041	0.1497070785
K02248	0.1483412892
K18349	0.1483057675
K02392	0.1480841436
K04765	0.1466326187
K01814	0.1462854324
K09384	0.1455230609
K10678	0.1453059686
K08321	0.1450504689
K00332	0.1445366617
K00333	0.1445366617
K02474	0.1442080333
K02592	0.1437151098
K05349	0.1433314848
K09777	0.1426596875
K00004	0.1419582321
K06911	0.1419582321
K01051	0.1419335221
K16238	0.14094953
K00196	0.1408798986
K07033	0.1408187203
K01712	0.1407113875
K07172	0.1407113875
K00184	0.1405723312
K01183	0.1405069927
K11534	0.1396346538
K00878	0.1395879076
K02042	0.1395251407
K02190	0.1391393241
K18350	0.1391393241
K16937	0.1389203683
K06298	0.1384892741
K05570	0.1384630662
K00895	0.1383699866
K05593	0.1383699866
K00996	0.1380428733
K06966	0.1380428733
K00817	0.136629803
K14059	0.1357291902
K01777	0.1354247594
K10794	0.1354247594
K07343	0.1353391888
K15533	0.1346150902
K02348	0.1345906838
K07720	0.1341776184
K02585	0.1335091035
K14534	0.1334793368
K04565	0.1332662059
K18471	0.1331115874
K07704	0.1330879979
K10793	0.1330874331
K17318	0.1329401595
K14260	0.1323833547
K03337	0.1322634059
K13990	0.1319393209
K18149	0.1318200041
K00067	0.1310860458
K10202	0.1305547767
K02397	0.1288108204
K00958	0.1284109434
K01759	0.1284109434
K04095	0.1284109434
K09763	0.1284109434
K08314	0.1281503648
K11050	0.127762108
K11051	0.127762108
K00610	0.1271803462
K08676	0.1268976443
K00135	0.1263850891
K01687	0.125824852
K02804	0.1258036527
K07318	0.1257341741
K02510	0.1256596411
K01630	0.1255023292
K02416	0.1249810871
K06891	0.1248572654
K19167	0.1244334726
K17734	0.1242846017
K01259	0.1240042964
K02279	0.1234099728
K03783	0.1231594426
K00087	0.1225153258
K02217	0.1225122483
K06403	0.1217714059
K06404	0.1217714059
K08978	0.121095278
K02099	0.1209811759
K02409	0.1209811759
K00053	0.1208124691
K02420	0.1206303825
K18675	0.1188720095
K02411	0.1175858459
K00052	0.116854021
K02389	0.1165970961
K05873	0.1165940294
K01649	0.1165720364
K07048	0.1160250361
K08965	0.1153927581
K02586	0.1150743448
K02591	0.1150743448
K03487	0.1150493357
K02408	0.1146866923
K02412	0.1146866923
K02419	0.1146866923
K00899	0.1146580012
K19285	0.1141252674
K06206	0.113750059
K06906	0.1134253371
K07718	0.1129907627
K02410	0.112940233
K00259	0.1127935107
K02619	0.1120730037
K02418	0.111965402
K08168	0.1116995766
K08996	0.1115587912
K02058	0.111484186
K08302	0.111484186
K09988	0.111484186
K11688	0.111484186
K06320	0.1112163906
K01046	0.1111121375
K02387	0.1111121375
K02400	0.1110328634
K09123	0.1110015265
K02417	0.1107981048
K06113	0.1107358461
K01758	0.1106366354
K00324	0.1103882014
K00794	0.1093516407
K05342	0.109051594
K03924	0.1085751414
K08744	0.1082363827
K07798	0.1081104373
K06603	0.1078064143
K09764	0.1077925415
K13652	0.1075484979
K01623	0.1075377367
K07112	0.107250675
K00275	0.1070668916
K01130	0.1068660257
K07507	0.1066731522
K10546	0.1058785891
K10543	0.1058691142
K09128	0.1055758149
K01138	0.1040719974
K02589	0.1038503128
K02590	0.1038503128
K03639	0.1033868452
K06156	0.1030922049
K18104	0.1029824308
K02414	0.1026596527
K04477	0.1018215228
K01577	0.1013661005
K03299	0.1007819637
K02334	0.1005348526
K00824	0.1004206325
K01750	0.09989513548
K01790	0.09917231823
K09960	0.09885932774
K09961	0.09885932774
K19088	0.09885932774
K14742	0.09884783752
K16907	0.09792167918
K13889	0.09780720318
K07460	0.09736212042
K08317	0.09620934828
K07391	0.09615690647
K03706	0.09487566107
K01531	0.09470778152
K05020	0.09412109831
K09967	0.0940635513
K00788	0.09403456928
K18986	0.09387622292
K00260	0.09377272623
K07736	0.09376821719
K09954	0.09376821719
K19046	0.09291086356
K19125	0.09291086356
K19126	0.09291086356
K11104	0.09204744458
K05814	0.09158003531
K00786	0.09143336605
K00104	0.0911844027
K00918	0.09114164315
K03519	0.09111307279
K06133	0.09096364994
K19158	0.09025032378
K03458	0.08995589743
K13252	0.08977771045
K07079	0.08907527647
K14415	0.08898569744
K00433	0.08837776433
K00692	0.08820141164
K03972	0.08815435787
K05964	0.08778306669
K16961	0.08778306669
K16962	0.08778306669
K07777	0.08715922744
K06518	0.0869630483
K11184	0.0869630483
K16329	0.08687624645
K06331	0.08684054649
K15876	0.08635586116
K00638	0.08584490904
K02396	0.085757659
K05966	0.08568953467
K19123	0.08564537579
K03652	0.08557230334
K03205	0.08459303829
K06997	0.0841198789
K06940	0.08258770447
K05995	0.08238682095
K06894	0.08151157783
K06978	0.0811841422
K03385	0.0811424724
K08678	0.08097344995
K09817	0.08079037629
K03273	0.07936375202
K00231	0.07924548289
K07273	0.07908463111
K09816	0.07883085174
K00294	0.07850362839
K04028	0.07850362839
K02783	0.07802234822
K00018	0.07733164599
K10709	0.07623300383
K07071	0.07616276779
K02473	0.07602160017
K05815	0.07597687588
K06897	0.07561841581
K02821	0.0754596233
K10797	0.0751617134
K01308	0.07478471375
K06608	0.07375961487
K01654	0.07368984574
K02045	0.07352849032
K01572	0.07333112572
K08092	0.07254406837
K12510	0.07200605083
K17215	0.07064320543
K03518	0.07053056086
K12527	0.07045193422
K07402	0.07032960539
K08309	0.07021464506
K02415	0.07006735367
K01703	0.06993703753
K02454	0.06902192265
K02588	0.06890062631
K06877	0.06890062631
K03408	0.06873029252
K13256	0.06861723077
K19075	0.06860100526
K19090	0.06860100526
K18220	0.06858389719
K10562	0.06858350863
K14654	0.06765206177
K00929	0.06720550531
K16213	0.06720550531
K00549	0.06708803292
K02566	0.06705733926
K01613	0.06693655747
K04045	0.06690053002
K09989	0.06690053002
K01200	0.06689681539
K19310	0.06663387447
K09936	0.06506911375
K02549	0.064699758
K13010	0.06346377216
K00936	0.06278071482
K02171	0.0624981261
K07181	0.0624721551
K01263	0.06154827086
K10353	0.06154827086
K02283	0.06131255175
K17828	0.0613029676
K10188	0.06044747401
K16139	0.06002695935
K02431	0.0576222394
K06999	0.05734071147
K02556	0.05704080208
K12554	0.05697010203
K04027	0.05686476217
K01704	0.05666635992
K07213	0.05606524819
K13940	0.05597953364
K07714	0.05529357053
K01546	0.05478785885
K00978	0.05448518851
K05813	0.05419823983
K01547	0.05405921262
K01548	0.05405921262
K02390	0.05405921262
K00010	0.05396556769
K09469	0.0532255867
K18344	0.05289849893
K03098	0.05251777949
K15873	0.05251777949
K19124	0.0522459461
K01966	0.05221328482
K08282	0.05168670375
K00303	0.05166822318
K17214	0.05130243626
K03088	0.05080818723
K18427	0.0506793079
K05989	0.05050241466
K07013	0.05027229315
K09835	0.05027229315
K01154	0.05024922039
K01912	0.05013219647
K13479	0.04996427309
K17213	0.04960181479
K02398	0.04914160298
K09749	0.04857951749
K02453	0.0485195937
K07442	0.04797586829
K10545	0.04797586829
K02081	0.04775552753
K02388	0.04770900459
K09803	0.04750039501
K02172	0.04747163174
K18910	0.0472722032
K08138	0.04723806207
K19510	0.04611575681
K00185	0.0459466532
K03412	0.04578817723
K00042	0.04570628322
K04720	0.04569422694
K04061	0.04394170816
K00575	0.04333687666
K02584	0.04297688038
K08963	0.04275602511
K19309	0.04275602511
K00684	0.04267768098
K10026	0.04243767245
K00595	0.04200816017
K04070	0.04198938839
K06864	0.04192916862
K01426	0.0416355086
K15024	0.04153680643
K15973	0.04150887319
K19159	0.04104473829
K05601	0.04044821143
K02401	0.04043004209
K01692	0.04041500338
K01322	0.0402965094
K01628	0.0399386901
K03969	0.0399386901
K01667	0.03926488421
K09696	0.03798710842
K09697	0.03798710842
K17733	0.03775235727
K02421	0.03765478424
K00040	0.03719650042
K10716	0.03719062366
K09155	0.03660463515
K00158	0.03556302619
K01215	0.03510235779
K05499	0.03460288705
K01251	0.03415453318
K00634	0.03382913358
K10011	0.03310213263
K09706	0.03283755122
K09940	0.03250993834
K10040	0.03187523591
K02404	0.0316991173
K10189	0.03118928689
K03415	0.03116146964
K01133	0.03111215852
K07341	0.03083480313
K15552	0.03051407636
K10041	0.03029796308
K15898	0.02993152469
K07106	0.02979045471
K00077	0.02955408571
K10039	0.02901943021
K09767	0.02880088322
K05396	0.02877215109
K11202	0.02850754384
K02302	0.02776206372
K17195	0.02770775432
K01195	0.02720457179
K03742	0.02720457179
K13004	0.02709120513
K00737	0.02660112401
K18987	0.02660112401
K02769	0.02625062561
K01818	0.02540957549
K07814	0.02537735879
K05799	0.02500251724
K03292	0.02470914906
K19091	0.02403068941
K01599	0.02402777876
K02526	0.02388343806
K09815	0.02328763608
K00956	0.02320760266
K07141	0.02299507197
K01746	0.02291097221
K00937	0.02282565325
K06994	0.02195513967
K03522	0.02158456243
K03406	0.0215703543
K18119	0.0215703543
K19244	0.02154495784
K02768	0.02112952589
K03786	0.0210703862
K00952	0.02050332381
K03407	0.01977423035
K00558	0.0195084641
K18866	0.01920306616
K02552	0.01915751901
K07177	0.01915751901
K01134	0.01903176362
K03150	0.01888472358
K10012	0.0188373265
K01012	0.01871058681
K01464	0.01847028746
K01739	0.01815766095
K03604	0.01756837154
K05566	0.01742653248
K13531	0.01737457526
K05367	0.01731750178
K16698	0.0171913021
K01182	0.01702971546
K00860	0.01649516456
K03521	0.01638162363
K18428	0.01595770824
K02557	0.01569794752
K16868	0.0153222895
K03336	0.01508117758
K00616	0.01474315235
K03817	0.01422247242
K09153	0.01338153861
K07794	0.01335565225
K00390	0.01290561006
K14591	0.01230439851
K00972	0.01137810677
K10190	0.01092684228
K07502	0.0103175025
K05341	0.009806211096
K16248	0.009244239896
K09116	0.008051696207
K12960	0.007707561626
K10200	0.007491698946
K10201	0.007491698946
K05794	0.007420864897
K00991	0.006824107772
K03413	0.006595653637
K11214	0.006507268651
K06120	0.006372479945
K15534	0.006372479945
K05571	0.006050924463
K09691	0.005661739637
K05567	0.005598019325
K00261	0.004986691665
K05568	0.00383304834
K00281	0.002889826468
K12137	0.002841944781
K01709	0.002523381226
K06908	0.002359521859
K00983	0.002319698618
K07216	0.00223681634
K14080	0.001714335062
K02443	0.001002790519
K03930	0.0009105333575
K05569	0.0006464261873