#OTU ID,SLCFP148,SLCFP164,SLCFP166,SLCFP163,SLCFP150,SLCFP167,SLCFP145,SLCFP165,SLCFP146,SLCFP147,SLCFP149
2f65298490e0fe48b880145471ec54eb,3651,3375,13335,4806,10142,9263,10310,2547,5690,2544,10208
c42634f8d1aad4956aa9638465e86565,2576,3532,11025,8240,16331,13616,3566,2270,3753,1475,15007
5ae5ad642b9c2cc68c4fc59e4902ff63,3383,0,485,0,392,4,976,0,3769,2476,5968
f5fb42e8863737981eb6e04a3de22e29,3087,2398,7171,3319,3116,12343,242,4002,3070,3144,18141
d013db1a71d477496cb864ee431c3420,5457,2099,133,2744,2814,1711,5086,1376,5163,3266,471
ccdb1dad68d457d1df2d11af1ea8ca5f,426,0,115,0,58,30,72,0,378,327,607
9c9d2dfde9ad67dcb9628dc8c30ec99f,791,1126,87,1322,1739,2875,1063,913,908,447,194
a93ecb34623d57ce5a83ac109551229b,706,406,1137,256,208,934,99,660,705,468,2492
1b23073ca2a2884ac2bd7895dda760bc,0,296,51,114,17,169,2,743,0,0,0
7cd17d18c05e35c6001cc253ac15c517,398,1401,431,1855,2010,2405,663,809,460,247,358
759abfc82a4b189214d7e148d4aef180,94,92,199,109,281,220,254,129,104,46,31
04af8257d41718f9636b8bbc789b0fcf,19,29,5,25,46,18,9,14,16,8,12
0247032b5537cfe290e9fe3067f9257e,1406,609,418,798,198,854,1900,527,1562,854,498
298c6e520261d927af2fb9e7c1e4cebc,891,1463,325,1568,585,1823,1655,1233,1071,462,738
653c972b92d846f3b6b199c4f5257025,11,0,23,0,245,1,7,0,0,4,57
e78a270ccd8d01d326e840cd85e1c1e2,459,351,136,425,412,412,563,341,457,211,295
b3703a2157a018a94473b0861589dde0,2862,1358,373,1662,868,1509,3743,973,2993,1876,965
fc7e77e237e910e3f38dbb8e3c69c5bd,439,39,94,49,20,21,83,53,406,272,460
a589fa026973c67d0f1c7b741d85b90c,291,0,132,32,0,33,71,30,210,219,623
ad23727bc3e6dc84a4c52399fe4f0d39,5920,31549,1124,35366,3973,15311,17155,18778,12184,3838,199
a87086e2ee322da102d8a52c4de21683,88,0,21,0,3,5,20,5,71,58,142
f80a7e9c950f857ec31ac4d0cc9c6a03,245,200,123,217,109,124,286,168,219,125,210
73e42306e185be6f0c6060d4ed924469,59,75,18,100,453,67,39,75,38,28,10
3bffd5a2b1cf48b46d1e51628c3551fc,97,189,271,202,106,403,52,199,127,49,216
9b5ce504ace88223f14f8b0848d1b054,7952,8637,22451,9605,144,37338,15870,6762,16616,6064,26396
6d5171bbc6ef97262119e6d152d82164,6,9,14,10,19,7,9,4,13,7,10
235c319ab46f87d377a28a34ba10bfa1,568,1497,169,1738,144,1465,787,1228,659,419,39
89c209abd89a5232343a4c87c93cb4ea,13,4,203,11,19,132,20,6,14,0,101
f745d265f36ea7eac26d97280e690796,0,0,4,2,4,6,3,0,2,2,6
20fe5c9f456999fe121cb1c16bf41e77,0,90,19,96,6,4,0,69,0,0,0
48082d1ff66a9207ede6bf05e9846d6e,1600,1643,120,2002,572,687,2485,968,1849,1124,287
695a1bb7c03f0f0b00d69b55fe30c4c3,73,184,45,120,120,2,42,198,86,48,9
44166d043ae4422d941e1e4c779151f8,1538,1025,472,1128,274,1583,4390,1961,2401,437,757
2a9df0f05ef552235191fe0edbbc742e,18,18,4,44,0,21,9,29,6,10,6
b3111baca54677926264de26b4a9bf7a,573,0,3,0,233,0,179,0,790,413,4
21f3474eb0a2647e96181ab06ed9b764,42,73,36,93,64,101,117,80,46,15,14
9bc2935704d00be01387e4b91d0ec358,30,9,8,13,8,3,5,18,19,21,28
87c1f25ee57f851893eda4c10a460604,185,172,61,73,6,108,60,107,437,147,5
c003202be6a53b07fbb26ecd2161fe2c,3384,2227,7236,2664,144,6948,7218,1576,6414,2453,10644
ae7aa9c977dea18de5954b3f29c80278,273,0,0,0,0,2,88,0,264,176,3
b89a1572461237b1a6ff63b2aeb24e60,81,98,38,133,0,46,16,109,77,50,60
397aa1ad0378774f826b9825c958427e,231,2875,7635,3489,634,9464,468,2234,466,187,515
564a2d40353ba6af46b47a2d367a3d56,1000,360,18,271,88,11,594,206,1640,936,70
55b5e18dcec6eaff69b53b2c4cbb0a16,630,2266,279,3443,3255,404,2947,1578,1312,428,280
e8ed0e081283c5963ce9860944f651c6,186,178,3,72,159,2,94,73,175,133,4
65553cd263bb61cf36d1a75d750952f3,151,561,55,925,267,602,407,322,201,94,57
49d5e983bbc870059084d932fb344b75,28,70,12,132,162,71,172,38,55,22,11
2580cbc77481600b1be7553a25c35a83,101,90,19,38,3,36,28,39,189,80,3
cf269c28b9f9a2f2ed7073a8d51a2a24,162,33,8,20,0,2,30,17,120,123,67
332d720adc8e107df05b716fd88b601c,680,543,25,633,188,161,917,393,811,469,2
b3ef12a80d40902556c2fd4de5924438,18,8,55,9,41,55,20,36,24,4,45
a0f4041ccc6a3b1f6512919ebe00613d,346,690,48,1073,1037,231,581,451,332,277,0
048a59d179f89089b6e3a2d50f389e94,45,106,20,139,48,14,204,46,84,31,30
cac9c7f0358b22e77dccb632c98fc70d,41,129,0,47,0,0,0,209,62,10,0
a2afdab2db82e62d5de07d2f29111f10,150,138,35,224,56,81,577,58,221,82,96
be7fa93e72946b09913f7776a2f1c857,2289,2713,128,4731,21,1389,4807,1645,2649,1241,195
b66b0ebe9c94cc5c0ee68a7c8cb966af,31,0,3,0,4,0,14,0,7,16,28
978c4b2965a576a78cac987d12c9e0a0,717,62,3,37,0,0,209,58,842,473,10
4a6d7625157c8e66f126e813b0a0fc4c,107,42,2,29,0,2,11,39,103,78,2
f5fdc65ce7f21dccce1d5f510ecd0cff,47,36,0,9,103,0,18,47,43,23,0
78efb9db740a56e0b2bc4d4778d4d3fc,343,4,9,5,3,7,150,6,760,219,21
7f697add8682bfb3329325791e412745,4,2,0,0,0,0,0,0,11,13,13
236833fbc5a378aae084b64206c25372,45,15,6,34,42,37,82,22,37,16,10
f450e5ce65eb041e774b110c05c7972f,15,7,27,12,0,13,5,3,11,12,21
c0d5395792eadbf5f62e8ffb14fa0262,0,0,18,0,0,64,2,0,0,0,0
cdb4be857f1f698f7613343f1a9761a3,18,22,6,40,28,0,1,26,26,18,0
0daddf1b0a2e7ae6c3add7261ca7b510,545,1027,26,941,67,18,149,926,366,342,13
108627a3879bcb1138b2c54c39e9f4a1,134,4,4,5,10,3,56,3,170,79,4
41f66b472afd9dbcf57ee6d7f5977368,15,2,0,0,0,0,3,6,5,8,0
691f2dbdac94ad2f7e2486ab73a772af,437,169,10,218,63,0,491,145,535,363,30
6b6fdd24cb014d583c7c025741c8ecf3,5,4,0,7,0,0,0,22,0,0,0
e8ee8f76c4f835d4f1292a789afc3f95,16,0,0,0,0,0,0,0,20,7,6
de2cd296cfdcbb16ecb870a7721433d3,2,0,0,0,28,0,2,0,0,0,0
fc9ef66f439c06896d69d1092d8315fe,21,0,0,0,0,0,37,0,39,26,2
2ce5f984c303607afe63f839e492f57b,548,19,12,1,51,0,282,24,543,389,89
a30dd65fa0f17c9ffe88b70cc66d024b,7,7,10,13,4,5,3,9,17,12,24
4c8288bfbd76958c0c094d87b97650f8,645,22,18,23,63,16,29,25,63,498,36
fbbeae3dceada6928b2cdc472f5d9901,10424,1589,2860,2408,71,498,49122,581,13824,9023,33638
99e3ef8d6af1702f3a43e8f3e4976956,0,6,0,5,2,2,0,4,0,0,0
7c0c72cc86a5548fac1f1c96853e29fe,49,15,3,18,3,2,30,18,30,31,0
84a1034f71767fa92491aebf1bdf7fdc,276,44,0,36,62,2,93,45,362,184,0
832fb872172e67da702355444f34bc1c,0,2,19,3,4,11,2,1,4,0,20
1355705d5f5537fdd6063e8aef08650d,0,0,2,0,0,0,2,0,0,2,0
3dc32de6cc2afb83c56da803d4ae8054,157,43,0,42,24,0,58,40,160,105,0
0f6a34be1a611d55dd58a93322b7caff,95,0,0,0,0,2,397,0,190,90,16
818cea4720b8bc475ccdf73579b06278,0,102,2,99,0,0,0,72,0,0,0
9558d82710beac18e454f983c9db7cca,84,24,0,34,55,2,69,16,138,82,4
f9130f059b9380b9961aef118b3a529e,23,37,4,40,46,0,7,30,34,22,0
e895ba3e92642f6c374d12d4ba87bf0a,130,272,96,307,87,279,168,220,132,100,24
f0deb5bac19f248fce27d93d918d3464,16,23,2,40,3,0,10,21,8,9,10
292a57429f3bed0adc53c07dc4c62c9f,53,23,0,18,17,0,60,14,86,25,0
e6b0f68e8f6db48ea780944a44ac99a1,148,53,0,45,34,0,58,45,160,90,3
e5450be8d98da604aa4a1fa0ed722fe1,0,3,4,0,3,3,2,4,3,0,6
5287908182825be751d21ae4e6f44c79,2,0,2,0,10,5,0,0,0,0,9
b8d0d192e1821980a4d2d8292dcd4c42,47,6,0,5,38,0,21,9,42,23,2
977eb5e61f5d9a0c3618c4f129859cd3,68,20,15,20,280,19,51,7,147,44,28
d2be11225e6247dcf581eb52060b3caa,0,3,1,6,0,3,0,8,0,0,0
eae0745a628ea0feffa5b1fb2d536f6b,97,37,0,30,1,0,16,43,88,58,2
8064a19ea488e28609ef25daab20653e,15,26,7,31,95,34,76,22,20,7,0
1b20077c579ec346099b958af37ff02d,582,619,6,471,43,6,70,847,511,397,4
49e9cee41713f4c00f8b171ecaff09b5,60,13,2,37,15,0,27,7,49,43,3
f5bf4e20e8a4c371b702c2cf491f56e8,376,0,2,0,23,0,86,0,356,339,2
7737dd181fb4d08851b4c49b7bb5c5ef,66,0,0,0,23,0,10,0,37,30,0
435716953baae002e22a8d28e14c0aec,17,24,0,14,124,0,4,22,16,9,0
1ab3b71e73441e341b02e15407e5b9e5,11,15,0,6,0,0,0,6,17,10,0
8f07f09a7a5b69d79afd30ba3be7ae26,34,9,0,14,17,3,29,2,105,25,0
090dac4c317bdb16f9ab434da4e8a35f,8,0,0,0,28,0,2,0,6,4,0
b221a65a4ab995abd7110ddcd600e1fb,230,57,29,63,94,36,476,125,274,91,0
a0d2e10ea5e00a9cb906c319ef542843,108,0,2,0,35,0,14,0,93,79,5
18285598fe8215895e323b758326f2e2,15,7,0,9,10,0,6,3,25,5,0
89da5f45526bc14a8a2dfb25616269b2,25,13,0,8,14,0,29,11,43,22,5
08c8ab670dbb2c8dbff6e2a96a8bf9c4,2,0,0,0,0,2,0,0,0,1,0
9e39af3708ad41aca6e8d5ab47b4efa2,103,23,2,11,2,0,27,31,119,72,0
5df1f0b75fac3063662bc77afb6c4bf8,0,0,5,0,0,5,2,0,2,0,9
94adac1e5690b5aef26d6014e471f458,0,0,7,0,5,8,0,0,0,0,5
9c6efccec7649fddce7cb4c0b868559f,50,143,24,206,67,28,188,43,80,48,23
5880c5d1b7cc98fab46a044a247525a2,22,118,5,95,15,3,8,174,22,10,0
0c1914abfb8acde52c282afa8e27a1fd,2,2,0,0,8,0,6,1,15,4,2
00e1ab8ab959fa51a66dabae588ff48c,3,0,0,0,8,0,0,0,4,2,2
fda05925f9cfe9acbd1ec63617c7352a,0,0,0,0,8,1,1,0,0,0,0
31e830c9791dc12ef188f104791faf17,0,56,50,103,0,35,0,59,0,0,0
9ff8565480eb4d1ae1feec02a0dfce35,13126,16835,35476,14830,3262,242,15396,17482,14974,10142,1767
b102928f03449973e2bd7c11a39817ba,16,7,0,4,2,0,3,6,23,16,0
5756e2e2f97499253c4280eeb7413ca6,0,2,0,1,8,0,0,1,0,0,0
eca7ea65dbc52bdbc9ade7f98e109a1e,120,25,22,35,8,4,62,29,69,53,6
cfb5eb8b6cd871de2ff7085767ca3152,2,44,0,41,0,0,8,42,8,5,0
b45093ff0a5e7aac10c4f9f4513e7613,3,2,0,0,5,0,2,0,4,1,0
483176e085c4e4eeee22409a02f2c0ef,20,33,2,25,85,0,10,25,20,15,0
be50260bd56c9b191a9e0845fc908179,99,25,0,32,20,0,21,17,115,49,3
51ec7483c391cbb0f2395c2ada436d87,3,0,3,0,0,0,4,2,2,0,0
cc0efa1a2c7dca25dd6dc2dc55fe6697,32,9,2,16,0,0,8,21,49,34,4
ce307313b49ebeda07b988fcdc57b97e,3,2,0,2,0,0,0,4,2,2,0
ce374e4ecf9d37933b614c569ea2250e,93,2,0,0,12,0,35,0,122,78,7
80571fa88208f15e75174fe7ba3d6839,2,2,0,4,0,0,7,0,11,5,0
5a0cdfc9bc68e40f3ad82a56205b85b7,15,44,6,31,30,0,7,21,27,12,3
8b317947d610fc3e351d94e2466ab1ab,17,1,0,3,32,0,0,4,6,11,0
9dcb1f589151a8b84cb5fc7c490e22d8,3,8,0,2,27,0,2,6,0,0,0
1d0dd3c34a24787cf361282683c24774,0,0,0,0,2,0,9,0,3,2,19
8fde870b4c3464dbd28fb743c07f36f1,9,0,0,0,2,0,22,0,6,7,0
e3bd74e4f8e965abfb6ca86d51d2b55b,0,231,4,249,0,0,0,179,0,0,0
3311c81da0640c29e6d9ed4f0529d3d5,95,0,0,0,0,0,62,0,62,82,4
f33aa1513c4933703b7070ec1e43c191,117,39,3,32,25,0,22,53,111,64,2
12c661c53dc9d52532eefc8e18f82c4d,2,0,0,0,6,0,8,0,1,4,0
4aa01b032f6f21994f27fd7c9ef08933,10,0,0,0,2,0,3,0,9,12,0
519f2ac102ab65678b0dcd72cb9f586a,92,68,518,81,38,155,691,177,113,0,418
b08002696e45f7e121334d154e2f5d4a,5,23,0,19,0,0,1,17,11,4,0
204736c3bd4a4c1f840e9fc99a5155d2,108,26,10,29,17,2,12,22,82,69,11
81425e1572e3c9ee320be29c1914280e,0,0,7,0,0,5,0,2,0,0,0
1941bdf9450a85f4069a80e526137af7,0,3,3,0,0,0,0,2,0,0,2
5e7454ae5bc6cea5edbfbe42b2d24477,57,20,3,23,32,2,53,15,49,44,15
efe64b2cd066392c8b5379c583817500,113,101,31,235,63,9,430,46,163,92,4
a6cf9ae0a74b21a2aa7439335c575123,48,39,18,19,2,0,15,22,52,32,0
e48fb994a13cc5f14b93bd94b4dd8725,45,0,0,0,41,0,13,0,59,39,0
a355ffad67ad78b1bdbd4ad765a6f5cf,0,3,1,1,17,0,0,1,0,0,0
1722117be91035dc5dca987ba2c39c12,0,2,0,3,0,0,0,2,0,0,0
dcd0c235615b718f89bb8cc76b5a627f,125,403,53,661,50,8,550,84,216,138,14
bbf6f74f140636ff3f33ef2bc3d892a3,501,465,28,527,0,4,643,616,559,559,84
1e65ef9ba16ebcd3b8413c31e58cada1,17,135,15,98,40,0,7,61,53,13,0
c8433912bf1d2d7d9dd177739211ae41,0,0,0,2,252,2,3,0,2,0,0
7a2d1519cdfecd43e9baffc8f322299a,11,36,0,60,0,0,20,13,3,2,0
8a8c39a3e855256f236f71f39bf300aa,6,113,19,120,66,0,0,128,0,0,4
a172874a13d3e6df1391f0797d95d6bc,305,274,5,321,19,3,159,309,210,183,2
10d8f09d85fad48b134dbba261adf29c,0,11,0,3,30,0,0,4,0,0,0
762fd96b2d1336974fba68fedd33fefa,696,123,18,133,10,4,714,128,585,455,3
0d193515752095f48f18055431a650f0,156,45,6,48,15,0,81,70,175,103,0
76d6be90e19a660c9a84b35fa31d801c,5,3,3,0,53,3,3,4,2,0,3
861fb4882b4c65b68e5998bb89ad59e8,126,60,42,95,38,0,134,43,136,119,3
64864a4b76fc5cccc00f4e44f8dbcff4,199,118,5,89,66,2,78,96,224,125,3
49ca472812887fdafb9786d9995aa406,142,111,3,133,18,0,117,127,132,101,0
d4582580d27b0dcaff88f316edc6795c,1686,143,3,251,2,0,205,366,1603,1166,6
c0fa6fc4716f50a194d3a3bc520ba870,42,48,84,57,0,76,21,53,42,31,131
184d1c27d9866996ffbca04cfad3ded3,0,27,0,28,10,0,0,14,0,0,0
869038dbbe0844710dfe8cda1f4c41fd,272,96,5,101,68,4,162,34,340,177,6
79d4cbe747374bb267d78e572c82d82c,9,74,43,50,43,61,74,37,15,13,17
b6c6bf33ecac8ef2bff294012d220ac5,0,0,0,2,0,2,0,0,0,3,0
2a065d9ee9756b7b08d04e4d8f2ac204,176,160,0,215,13,0,59,170,155,143,3
3c4d4ee2a76611c10e6d968cbb139b0d,2,0,0,0,0,0,3,0,4,0,0
f0711e2c91ed3101e810bfdad130849f,21,27,0,19,0,0,36,24,22,27,0
0da7333e379b780a39d305d935692a95,0,1,2,0,3,0,0,0,0,0,0
2da7ea845bb72e8eb58d649348bf057a,97,64,4,58,27,2,38,78,77,66,0
7186c67c129c329bce7d6c988267b231,112,47,0,68,5,0,16,97,95,92,0
8f139f903db65b737165fab17b843584,92,14,4,22,39,0,44,13,178,77,0
5fc2d4103e27f399113f1fc7c954ef66,345,566,12,669,24,1,353,400,273,239,0
01ac8dc658ac5b92afc9837f747e74dd,119,52,6,72,23,2,108,58,70,63,0
46864a6aa122ecb439eb59a3c0542ee6,21,11,0,14,107,2,32,6,38,25,2
48fe77b828ac410d9e0effc44fbeb57e,120,135,26,117,5,5,20,125,75,63,7
77eb2f8589e0e143883648e11bde2a31,296,0,0,0,9,0,45,0,268,211,0
e16b103da2aa64c71cfe99afc4405912,32,0,0,0,39,0,12,0,72,19,0
4938367aefb076da9af1836d7df30ae0,37,24,3,30,59,0,76,24,24,33,4
0789b8bf342cad7160cfe6e2e074f034,56,51,0,46,11,0,11,88,34,48,0
17bccd87573679acdd1eda74fc49bde7,42,26,0,13,0,0,24,28,38,24,3
d33d037914391243a664e78b0865819d,299,85,34,145,10,0,312,84,245,210,1
ccd31353e129fad1e0c6c09602372b4f,233,107,0,159,7,0,59,157,120,138,0
598a513a3552c092cd8b71a429c45ab1,58,0,55,0,9,5,0,0,0,67,10
e4ae4cec17a77f39596e9265b12960a9,0,11,0,31,0,0,0,5,0,0,0
f75f1091527cd2a1a4c96eba1f735466,39,19,3,5,3,2,0,31,17,33,0
8f2b821cd45696bb55b164853a1917c3,50,63,0,94,0,0,79,58,87,38,0
d5971448f3dce06f45cfd35f968de816,11,7,0,5,3,0,10,5,24,6,0
59cb2b356649752e276dd7f74cee4321,0,3,2,4,12,3,0,0,0,2,0
2e11ee45d4ccab0775222da825d3bd42,151,78,5,70,38,2,19,102,225,99,3
c3bdd500bfba25ea4c753e8d815ef903,7,0,0,0,0,0,4,0,5,7,0
df4ca25fd346713ef43d2c727b2ef78e,477,101,7,66,21,5,161,70,432,299,7
b92f84c206887ecd667f142dd3606ac3,814,306,5,509,83,3,672,250,618,514,4
594b20915c3abfcb209ccf738fb7122b,0,30,18,34,12,0,2,36,0,0,4
4a82bd4ce156dbdc137b21a1d7e75f93,53,60,11,62,21,0,77,57,52,29,0
a5641950b2a3a47827849d91242f0ead,129,44,3,45,160,4,48,37,135,86,2
0e1ed618e78c277a6e33fd639749410c,1,15,0,8,5,0,3,10,11,0,0
55fa67427af49d0e149b71f3e492fc2f,2,14,0,10,0,0,0,13,32,0,2
37e0f2e7c7ab2a2f738b92a61085aec0,125,40,0,23,0,2,19,22,126,89,4
05b3c5e6170d8f2a2028b41de2e4fbfa,15,11,0,8,29,0,28,9,19,18,0
faf82edd7b4917abc7158d7152136723,7,13,0,8,19,0,2,6,3,5,0
b5c61551098444f976845a271dd33f4f,10,0,2,1,0,0,0,0,6,8,0
1c49d51b2fb93e140ae5b7244034d346,185,105,33,54,3,0,29,155,205,111,5
a8bb13e9e2b548216ed9a9619c1767a0,126,40,0,22,10,0,16,41,103,78,2
bf5b6d2bedc4f3f44c7d707821b0f12b,24,26,0,27,13,0,9,27,34,26,0
99417dd633fa8ea2fc2d6f5bfe6b3582,47,28,1,5,0,0,16,29,11,15,0
4d3f43a33945f3299f8517e31869324b,5,0,0,0,0,0,0,0,2,3,0
ca36cc60802278a626b2d36b8da83ae6,14,5,0,5,14,0,6,0,30,7,2
0dc69705aa39eb92e3dc26eed8d677c6,5,4,0,0,6,0,0,3,11,7,0
263274421870217476d2449c7184e666,0,2,0,2,0,0,0,5,0,0,0
2f7c13322a20964e09b36ed3971078af,29,9,0,18,0,0,21,9,32,26,0
0d1b4cdc41a51d019759c85b5795aad3,30,3,0,9,1,0,14,1,35,11,0
33724dd8ccf73f1038563faea4af37e1,6,0,0,0,15,0,0,0,2,3,0
eed1fc5eb0bce8bd66c17ebdae90fd3d,23,212,12,455,2,8,3,311,0,8,0
6f0b4058c92e83c77533a218739a0e38,9,8,2,10,17,6,14,7,8,10,9
95567a20354fa3a584ecf4f0ab229ef6,15,17,2,7,10,0,19,7,30,15,8
87ab9c664033e00f6b64f2afc71a6d90,66,22,0,17,4,0,38,17,66,52,0
c739108a8fb66e778057d21c15128eaf,27,7,0,8,9,0,7,7,32,28,0
7fd2dbaa8c8b59e687ce1cf9edb857dc,305,81,24,100,26,55,555,170,342,78,7
fe74cb6ed6d5951071824943319e1724,153,14,0,16,0,0,82,16,120,125,0
fd127481a7a3b20d6d476f8d15c8b746,22,0,0,0,0,0,14,0,51,15,0
d094187a25af8eacc92b8d88ae38c4a7,2,0,0,0,0,0,3,0,8,5,0
3e514d4fe509d063c262ab3e3b224da1,9,3,0,0,7,0,4,5,2,5,0
3d54a53e5412fd82769620a4792a9b31,29,8,0,24,0,0,10,15,23,14,0
0f7e30a9c413799c28abaf3bf8186888,25,265,90,119,4,130,125,71,52,20,10
fd7e1ff108a3eaf3f64eaaa5faf590af,54,21,0,13,23,0,26,22,50,27,0
40b3ea35e2f5ce567e639342f33d8e2a,12,0,0,0,0,0,4,0,5,6,2
dae1fbaad10a121a9e71c35d8c230bc2,10,1,0,0,3,0,4,0,10,7,0
dbec9c5165f7fd71fcfcee0766f056e9,27,1,7,0,0,0,9,1,26,25,2
3a863e8d613146295f1169d6d3e462e8,10,16,3,18,7,8,22,7,22,5,0
078bfc045d02b9ec7a37cbfe330c6063,0,1296,1955,1203,0,1129,0,1664,0,0,0
80f2643f29f72653e1dcb14d6a129d8b,1875,112,22,51,211,22,1054,100,4106,1221,52
772ad2feb9f19ddeace71e8e2e707858,0,1,2,0,7249,0,0,1,0,0,2
178d4eb06bd14fca2d3c300f9f05e384,129,257,55,330,31,68,133,236,123,85,68
c50f108c7f26f34cb8226f54985908be,1639,1238,242,1204,0,139,255,1873,1597,1158,1343
5b74065cc4963be8f6447b2c9ffcbc87,69,0,2,0,2,0,19,0,104,59,0
eee9bab26577ab7978a3c7bb4a082922,349,236,2600,335,30,8501,2643,226,954,192,3165
db1ea7350f45b6b1c577ee65fae969c4,434,218,14,221,63,3,132,148,515,361,6
b818498a79e2d7a40cdaf0d29b43c7c0,17,53,0,48,165,2,5,58,20,11,0
ba78f5950dfc8ca2138232ac1893ca13,0,330,5,312,0,6,0,235,0,0,0
bf0c4ab9e25d5cb0066ba56a34272e6a,52,32,2,38,0,0,26,23,100,28,0
53cbcf217d083ac12d3827598de4e750,55,45,31,36,31,0,29,62,73,53,4
0c5a72804d13bb1ad0f488d9565364aa,96,11,0,15,0,0,24,10,81,67,0
7af0894d365728994d20f8f22143f8e3,15,6,1,4,2,0,5,0,11,8,0
10fe28dfed336a54e53861839b30278a,336,0,0,0,8,0,52,0,416,284,0
5167710b7280856d9e512a4f58068687,5,0,0,0,9,0,5,0,0,0,0
58fde6dae459af7ec3ed3eea10b1c0cb,21,0,0,0,27,0,10,0,16,5,0
07a0081d4bc5233563d0269fc2c734d0,21,0,6,2,14,0,6,0,9,9,0
22e3c84507191b5a2af4b5a02a5a6340,0,0,2,0,9,0,0,0,0,0,3
3ceb74c21dfbf2d306d22d03dda4b5fe,280,0,0,0,151,0,69,0,340,202,4
f7040b791e2687141adc7be4ad81afd4,25,4,0,0,9,0,7,0,20,11,2
ea6907258313a99760f5785c8c64b8c4,31,0,0,2,13,0,13,7,30,26,0
32e49333696db544fb61eaf8a3921162,4,3,0,2,0,0,0,3,4,4,0
07f9cf5cd15f1e6c3b5f4c0b6b8addc4,70,56,2,52,6,0,47,49,54,45,2
3eeb6fa3850d5ab2864e37931dc1781b,42,46,5,33,0,19,74,24,21,26,0
c4bb856f00469484de24c5d7e0a221b6,72,2,2,2,0,0,9,11,59,51,0
26301b9eb98d7515f25102a00a078720,0,0,0,0,0,0,5,0,3,3,0
7c1aa4cebecf5121ff208d31b341894b,55,11,0,6,0,0,14,16,45,44,0
760550a12e577044cd1f0241dace691d,12,0,0,4,0,0,5,4,7,3,0
720832273d925b4115ed01c6d3df48eb,48,6,2,9,0,0,5,1,37,24,2
72cb656da17f65d184d9186ee5260f53,157,0,15,0,2,0,8,0,101,87,169
672f609119344a6b7dbf954d60b3950e,40,60,9,61,0,153,89,75,42,27,2
c2c7ac3e8c2acf2ceb1fbd66e9ff20d0,14,143,3,83,5,8,9,239,13,6,0
4fdd9f8b9aac094acd93155a17435a7f,0,9,0,19,14,0,4,10,10,3,0
b7e800ed490ab8e535a11f2bd8f6cacc,3703,263,16,64,1,8,449,773,4503,2390,19
62587ccd799d2de60a42127273c72d18,8,4,3,0,7,0,2,8,2,2,0
8a08e31995384f38ebb2f85a9c755462,203,97,0,145,18,0,206,56,239,121,2
8ab2d63ab937834abc3dc024afaa8368,19,10,0,0,0,0,18,2,27,19,0
78b75c16defa331498f30bd043ab6272,5085,1615,1640,2618,48,2274,25602,720,12382,3263,13037
97c8e72a012bb68cabfd5774c84f4a5f,0,0,0,0,3,3,0,0,0,3,2
6c10f09e23d7db98ef7055196830be0f,3074,4242,774,5583,21,2450,6342,1584,4040,1964,985
3df9c9d94f7444cf6271a4c61882ed75,986,165,162,188,23,266,1750,109,1001,654,1181
6bf0279c0db7498fc2f38f1e20694ead,369,3247,743,5168,8,1966,1860,1280,849,233,653
f078ab94d6e34e3e90666ad9a4c83721,72,0,20,0,0,0,17,0,66,70,159
717b8a70a7d3863e6c253f4a02855117,639,839,78,967,0,2087,867,570,761,403,141
bf4a9faf7765b386d8cbde37ecaab952,240,294,30,278,0,152,302,163,351,161,53
f5dac8ad7249ec9eef49ae66ee4b0911,99,24,18,35,3,9,160,25,125,91,152
b1ee74524037c241fb97944c3ca73cf8,178,444,50,763,0,493,306,276,174,100,65
664ad5dc4925894383623f26b86dc68c,1031,977,3550,1117,41,4006,1649,775,1852,508,5355
b98b97e7101ad5d9a215e9f7d6acab08,24,3,20,3,6,3,4,0,24,22,67
61331f68c9ebb4e7db1e755a4fd9f38f,23,11,14,4,0,7,8,13,40,14,8
a8ea32a71ccab9676e42945375ae6f74,1536,2,7,0,4,0,739,0,1124,1137,60
150d478c05efdb9ff36e5260c80c6f20,20,776,6,676,53,6,4,1037,14,18,3
2ae281bc9291a54c1a197f524528f0ba,13,32,32,21,0,9,2,51,17,13,14
6dc17bf564fbd3b7c589f9a73267cc1f,7,10,5,13,0,4,10,2,1,10,0
8be2c54a731b8f744934e22b09aecd2a,901,879,16,1065,0,6,333,1732,921,534,2
8a16fe13c1934a1043aac5a2260a6e00,7,9,0,11,0,2,8,12,11,3,0
fae29aaaca7cac529c2e5187ce8aeb45,440,37,19,50,2,0,255,35,331,239,92
a1b0b267e7b0a74b30da31a1dbfc5ff2,13,0,0,0,0,0,0,0,4,11,0
919326ee64b1e34344dadd7dce92b3ed,23,14,0,20,13,0,9,17,25,14,0
9c7b7a5b69dff6e0563949bb045e56e1,2663,3,22,3,9,4,820,2,2266,1809,15
e7757f8d990f0f91dcc43d7343d003ac,2,1,0,4,0,0,4,4,5,4,0
7c5d083fd226cf933c64069aabf60845,0,789,328,1022,0,780,3,373,0,0,0
af534089faae14037da5bc944e1062bf,0,3,0,1,0,0,0,9,0,0,0
d9b1abe0d5a28d2e71f73bd4c367ff05,0,41,0,52,0,0,0,58,0,0,0
d727291c9abb47ba09d6fba2de9836d0,10,2,6,3,3,9,4,2,9,5,38
6a0efe866edcb457cbf296d6f70a0e86,0,2,58,0,2,35,10,18,7,0,19
0162ef310d0ebbd4ad2edcd83d478a9c,2451,900,23,846,0,6,1776,990,1859,2416,14
24863836f21afcf371029a65f9dc613e,0,11,58,0,0,0,16,0,0,0,0
553a6cb665f188f9e1da63ceb5a1ac60,51,29,27,54,0,12,88,47,83,49,64
3b171983bb391cffd0d046137ee7d41f,408,198,7,195,5,0,172,179,131,285,3
5cbedcc7f13219f586242a026743cb09,3,0,5,0,0,0,32,0,17,5,19
a4b9c34fc4ac01755e54ac621dd23244,3,0,0,0,4,0,0,0,2,0,6
ff15c4f51c85270e7521f9694edaec61,0,0,0,2,4,3,0,0,0,0,0
6be7c1afdd690efab2c28453f0d304da,2,4,6,2,2,3,3,5,5,4,0
049e49112c893b717f0c7062d7d3489e,8,0,5,3,17,0,9,0,3,6,5
4a21bd45b5ff48f40bbcadf6930fc3ee,2,5,4,2,10,0,3,4,7,2,4
76214bb13d1e7d69ca2f7827e3ac12e2,3,6,3,0,8,6,6,3,4,7,2
40f29bc827ddfc03d7fb5b76fb311557,0,0,2,0,5,0,3,3,2,0,0
96c7cedbae877361d087a8b39206d408,2,3,3,2,8,9,7,2,4,5,3
22b9810ff65d4738386c7af9c5447322,0,0,4,1,0,3,0,4,1,0,2
7949a6531e3cad4e887c8d260cde3ac8,0,1,3,0,3,0,0,1,2,0,0
d71fe67e73a45e78b36ab2586bb5dcc8,3,2,3,0,8,0,0,0,2,2,2
b400719f5c1718b7025f0997a4e37540,0,3,0,0,3,0,0,4,0,0,0
18f3b811ae49dad2e01b20f5f39d10a7,2,0,0,0,6,2,0,0,2,0,3
b6ba7b52695ab879908dcb54a5966468,9,77,0,45,58,0,2,40,6,9,0
58d4d11ac63af0cc23a8e56a38767908,0,5,25,4,7,23,3,2,0,0,15
a55f549b9a40506a070a2fb7e8ca0726,2,2,0,0,6,0,7,0,6,3,3
4c7a029ea62e2e73e124d6b0e3cc082d,22,6,4,14,0,0,3,9,10,7,0
43c6b4b7d67b71ca2cba59db1b71e4ef,0,0,2,0,2,0,0,0,0,0,2
94a45fbb634a4ae23f34d8160d95c8b7,0,0,2,0,0,0,0,0,3,2,0
c52e2fe4480cde97ede9bd054d0e6b50,1598,33,0,32,24,0,205,37,1377,1075,0
de5c3f0b7c96b05b03568bbdbd3e4a80,17,14,0,18,28,0,7,15,14,9,0
7b5a9a466d6970735cb986d2e97b7d03,552,0,75,0,89,0,103,0,486,378,548
679cbbf00149c79e5b01cfd20a434f10,3,2,0,0,9,0,0,0,0,0,0
620f90511245f0f7e17e85f14064d5d5,5,53,0,73,42,0,2,66,6,1,0
10527898419f8ba7992583f086ac3411,36,0,0,0,1,0,11,2,51,24,0
b7ac11306bda8cd964d6e0ac0abf695e,0,0,9,3,0,5,3,1,0,0,10
078adee61a27c0b09155d2f8a79114e3,2,0,0,0,10,0,8,0,20,6,0
74fafaec802530941890c1f49dfbf3e4,2,3,0,0,1,0,3,0,0,0,0
25d3f4781a6f4cbde13477d5d508ce48,5,49,0,29,38,0,11,19,10,6,0
a23786caa7c120949ed8f63b4563e637,44,67,4,161,0,8,29,66,74,20,15
59352c508d1a907e57d4c4e103e5c905,0,0,0,1,0,0,1,2,0,2,1
bf1a4c1750d82338cbafd0d515b5c81f,0,66,0,58,0,0,0,76,0,0,0
3a81cd34e3edb8ef3e0c1fb4bc81e7b7,96,72,18,91,4,12,57,48,140,73,60
ac5101eacdec4418377844bcf559b674,62,183,7,190,0,0,49,234,57,60,15
e19cc7978426ddc9cc4750cd4d19a34b,448,198,3,360,0,2,214,182,900,282,0
5a4df7a2a1f3c0c0db928b1082c14ea1,65,98,0,76,0,0,20,100,58,44,0
9768b4a338c3f371f79928060e0faf51,33,18,0,13,0,0,5,10,26,7,0
c57eb58b5d9bb62822449143985b285f,155,75,44,49,0,3,41,107,130,94,5
81eda1422d0041fb98bb24da5a17fccb,131,41,3,27,3,2,27,54,91,74,2
f2395a04640c5e58dafb7a43d42f99d7,128,20,44,28,6,4,68,30,78,80,3
3b4a22365a97f8aef6f1e9dfa5ad4fcc,214,158,6,166,0,3,284,98,80,121,0
c9859aa5d749b6d2e74ca16903d792f1,134,29,2,11,0,0,104,14,141,89,0
2721883a2b4af04bdb995e3e78d70426,44,33,3,35,0,0,3,51,33,24,3
9682035e00a33066c8a20a5728864160,31,16,0,14,0,0,35,30,19,32,0
2268f4e3b669e69b3a863b134bf93ad0,13,15,0,2,0,0,3,20,13,11,0
4266f981f2c245a7fce86b0fa415cae6,17,11,0,4,0,0,9,3,30,14,0
548b9f02eb5f8d9c273fea608c89123c,39,11,0,18,0,0,10,22,32,22,0
a573e0e5cd07839bf04f73efeb94edc6,8,20,0,18,0,0,44,5,30,8,0
ab7dca7c56ab62bab49107c13b7e1bc8,40,0,0,0,6,0,12,0,44,34,0
ae88511b9e5c27f7d0817575963f6e29,53,0,3,0,0,0,19,0,34,44,0
0758746de870fac931a39b11205ea4f6,82,11,0,17,37,0,28,19,81,42,0
1b55637e241b7dcdf09de3408cf4a0fc,0,1,0,0,0,0,0,9,2,0,0
22436f090b3327aa9cc25a46c2614ab0,13,46,11,42,13,0,0,56,1,11,0
ef28e8fa565fbc33cede300e2cc4c520,14,102,4,75,0,2,6,140,19,14,0
d15dd680edf99e641830faeddc480abc,22,0,0,0,0,0,17,0,9,14,0
2dca81caa7e1886c0bd386ff62108db9,2,7,0,3,15,0,0,19,0,0,0
88ad73ff5b8581ef81c292dda3a7fabc,164,0,8,0,0,0,185,4,155,114,0
d47356b66c9be28618916070b1f80180,29,11,6,9,4,0,30,2,9,20,7
8dd2de3c5689e7045bef46a069c6b44e,41,25,0,32,0,0,15,28,20,26,0
c8b6105aadf87a6afa72a3ddb20a3265,0,4,0,5,0,0,0,2,0,0,0
a92e897782ca8cc6b9da539cb6a4176f,9,180,0,169,0,0,3,156,28,4,0
00490a68d06e75264954c83b76f77346,4,17,0,23,0,0,7,25,14,12,2
ea214c60bfc36111b6de1f3592410b79,14,8,0,21,0,0,19,10,16,13,0
84b12c5f4618dbf894915076b08799fa,9,9,0,14,3,0,5,11,19,3,0
cd0ba9724dda1bfd5c34346cff27533f,0,0,0,13,0,7,8,0,0,0,0
45a75b7a373e7061619148bdc0cd48fa,4,2,0,0,2,0,0,0,7,0,2
4e34142d35033306c8677c05d3183f1d,21,0,2,0,0,0,10,0,24,11,0
2d6e248a2b15c6587624f967e5c5e8f6,12,0,0,0,0,0,25,0,10,12,0
25dbbc91dd4c739873039ece738737a5,21,18,0,0,89,0,10,14,28,23,0
dd7882d0748edc387f01fe37782cab79,0,3,0,0,3,0,0,2,0,0,0
482b8f8756aaaac49619e391330d7fce,4,0,0,0,0,0,18,0,14,8,20
44585e66f2af08e85803b2e5689b1eeb,38,72,3,115,60,0,20,82,46,23,4
da729b44d015de37c4b1d27778f71a7c,3,5,0,3,0,0,0,4,0,2,0
43f0247fc01758c65914603bd7280102,3,7,0,2,21,0,0,11,2,0,2
ba2fbe98657be104e677ac8a87a57b40,0,0,0,12,0,6,3,0,2,0,0
b13958316047b7b85cbc2a79bb47cf90,0,0,16,0,0,0,3,0,0,0,30
8f44bb23d27e0e8e2ddac47f93a25ab9,0,0,0,0,0,0,6,0,2,0,15
6a42b69784c3100f86eb383085bb61b0,0,0,0,2,0,0,0,0,2,0,2
d9e4aea2cb4b37d94d113c747449d83d,7,1868,20,1744,0,14,3,2104,7,11,0
5bc5b089049f5e5e08a6853cc9a5128c,23,0,0,0,0,0,0,0,31,16,0
454bed12191b1035cb27f4b030b9d789,42,2,0,1,0,0,12,0,183,40,0
b0ab9b6f0a56b8707d181a7ba889b89c,6,16,0,11,0,0,0,7,0,1,0
ec9ed9b5acb1ccd3cdfd196b3632904c,3,2,3,0,0,3,0,0,3,0,0
d9099e07d6529ebc6f96ed500c2d245c,0,6,0,4,0,0,0,12,0,0,0
9eaa3f6f401466b381390d7803fdb48e,1,16,4,10,0,0,0,21,0,1,1
9de76593a352f0485ab552209ea38a3b,2,5,0,6,17,0,0,3,3,2,0
2363ef7459a5696a81b2a97fc71cfd10,10,0,0,8,30,0,4,0,1,5,0
9c84f3a63bb2ae197d33f6cf57d34377,13,0,0,3,3,0,4,4,8,4,0
5b239ea4225a1366ac283394a91ec211,34,13,0,10,2,0,13,5,36,25,0
05e5fd65c9186b5d17260e49ce648e3a,0,4,0,9,2,0,0,8,0,0,0
9f05e4992392a05c38e1c790e07f3e5c,0,0,2,0,5,0,2,0,0,0,0
1554443a4a45ad36acfd724663494a18,5,1,0,0,0,0,9,0,13,12,0
b472d29ebb2e4b918cf5f7e0d7b46ce9,9,5,0,0,5,0,7,0,6,4,0
a131ed51b0ab64ebb4a6435412609f28,3,5,0,3,5,0,4,5,7,8,0
adbdc5f804f4d01e74c42c674dcba9b6,7,0,0,0,5,0,0,0,8,3,0
a8f7a4c4fa926673d7a1b6e3bd4c8925,3,2,0,0,3,0,4,0,2,3,0
7d7a3b101eaf48e202447aa95e0b14e6,2,0,0,0,9,0,6,0,7,2,0
52ea162f982093e6b9b3bcdc2fc0b119,7,0,0,2,3,0,0,0,7,5,0
b2282677ff1ba19e9700383f454417bd,0,3,2,4,10,3,3,0,0,2,0
ff675a6f40de9d613de71146b7907972,505,0,0,0,0,0,170,0,625,323,14
3bbeeae15925a7bcdb68543db7f8866c,4,2,11,5,4,20,6,0,3,3,2
1dd0de0176ddf4ce0f0b8ab5fb4d5bde,2,2,0,0,5,2,0,3,3,0,2
793c5551e5eee756319c35a9a48a7edf,5,0,0,0,0,0,2,7,4,2,0
cccad67fb5ce1b4f76ed38e69a6c2556,25,0,0,0,0,0,4,0,23,21,0
fe43ad83d4000bf88eb91355b364fb6d,6,0,8,0,0,4,0,3,3,5,4
d0b31f04002e4af239c8d2457199f7a9,0,2,0,0,3,0,0,1,0,0,0
26fdedbab1c7064845c123af942ae31e,1,0,0,0,3,0,0,0,2,0,0
b233d3ce2bf6a5e3d5d7f63c20630953,7,0,0,0,0,0,0,0,5,3,0
e6d53e67eb96231b465269ad8c15fe3c,10,2,3,5,0,0,2,5,6,1,0
2f0e4b1ee62d7bb4e4e0ed5a7cfde987,6,0,0,0,3,0,2,0,11,4,0
e6d66ef7723698cd525484d0e4c18380,5,0,0,2,0,0,14,0,10,11,0
2f5eb6f271a73cdbef20ed231091afa0,0,2,0,10,0,0,1,0,3,1,0
0eff4a159799c2ae52bad4f4df877422,30,0,12,0,0,0,16,0,32,24,59
8d2547a20e383779a2ffd897c96a143b,4,2,0,2,0,0,2,2,4,4,0
f150715f8c0da2b4197c3827c4e0be8d,4,0,0,0,0,0,1,0,1,5,2
ec4de48aa12e4b53b324d22cc27c0536,3,7,0,3,0,0,14,2,2,0,0
bc6067b1afe34571025540460e72d29d,4,101,355,72,0,853,18,67,18,7,33
8ca7be8f3b4ca1584380b238c95d5115,0,0,22,2,0,0,1,0,0,0,0
90e670a067c704bc02d11b9496ac5985,2,4,25,5,0,0,0,4,8,1,4
f2007675458549f283542cdbb63102fb,3,8,35,8,0,0,23,0,2,1,0
6d4c68c448ac1c297664dbc521622ed1,0,0,19,2,0,2,0,0,0,0,0
2d4c72d1b9139a6ed7b93c0022cef084,0,0,2,0,0,0,3,0,0,1,0
798d35d9b0c3042cbab6145d6dc08167,4,0,12,0,0,0,9,0,10,2,28
6c45e57f4d8585abccca57ff5ff7a460,0,0,2,0,0,4,0,0,0,0,3
70d4bd4b7cc8521b6444979db401e840,0,0,7,0,0,0,0,1,0,1,0
4ab6d0e2e0ee88d321c369d28a4c9e95,0,0,12,3,0,4,0,0,0,0,0
e982b7aa8fc674b0773498a5ad443147,0,0,6,0,0,5,0,2,0,0,0
da8697eb400b09cebfb853db82e748a8,0,0,1,0,0,1,0,0,0,1,0
a8963ac84ae77f25bb2dadf59a7c5140,27,9,1,13,0,0,15,13,43,16,0
ffef108bee5d4a5106134ef216a6f970,8,0,0,0,0,0,25,2,13,9,0
fd8f763fed12a64191a617e199878844,6,0,0,0,0,0,2,0,0,1,0
763caca9d62b4de11811d7abc47a7274,2,0,0,0,0,0,6,0,0,0,1
44be4a73cb6fbe694ec6cbbdba4bd3b3,2,0,0,0,1,0,2,0,3,3,0
50df633fff4d218aacac58d53b1db346,0,49,2,40,0,0,0,18,0,2,0
d591655273fb3277ea21881cbe2b0133,54,63,18,42,0,19,45,43,53,28,27
97774b092493edfe2b8bf635a7240d32,54,20,2,19,2,0,35,12,51,47,0
7e64aaea62e4a62680fc152ce47e0530,14,0,0,0,0,0,4,0,15,9,0
76794ae5549a65cd6cad31fa595aeed3,0,0,3,1,1,0,0,0,0,0,0
ebfc21a299500a818bedec14ce34ace3,0,4,0,4,0,0,13,0,0,5,0
fc06a7c71344f823c3973a747b3d5c94,16,0,0,2,0,0,0,2,5,3,0
0a7b3001c4207b466629ee69ee4e7b4e,2,3,0,0,0,0,8,0,9,1,0
6f23815f614cf3d701f96b853b875f20,1,0,0,0,0,0,0,0,4,1,0
6e3f3b7d6e12a314a5b3733e251272f8,0,0,6,0,0,5,0,4,0,0,0
fe906e345f8cb66be5606e5ec7e110c7,1,3,0,1,0,0,0,0,0,0,0
c7be91174934fb93eb93e3d4c6357a11,2,2,0,0,3,0,0,0,0,4,0
71f28f9979764df3c37d9b1542a2eaad,13,0,0,0,0,0,3,0,14,15,0
cb8c197da2ac67158456f4df1aaf3246,0,8,0,18,0,0,0,13,0,0,0
26dba877e89ddba58458519d8f68a117,158,5,0,4,0,0,18,0,194,100,0
a0d6a3648d979bfae9bbbe31fac11c0a,0,17,0,4,0,0,2,4,2,10,0
ce4578e45a1162cd1b47c446dce31108,30,31,65,29,0,118,18,30,31,0,97
89586c9796df902ceccdf553df0cb0b6,8,0,0,0,0,0,11,0,5,2,0
138a7863c548a5da2e75b12374eaf3b1,2,0,4,0,0,0,2,2,3,4,2
8daee363bb729a897eba3699df2ae386,0,0,0,0,5,13,0,0,0,0,8
4b98a955c7b8ebdfd143162051b0b58e,0,20,0,22,0,2,0,21,0,0,0
29344ca25db16d687a36d7b76610a578,43,33,4,32,0,0,29,51,43,25,0
1b92acbeec319af5515634a91d59a0ae,0,38,0,24,0,0,0,23,0,0,0
df930223eb75d5d67fc7a0e395a059c4,0,0,0,2,0,0,3,0,17,8,0
249ed455e67354163ce1b6626abc66b6,12,0,0,0,0,0,0,0,18,7,0
e9446bef89ff11dc627266644757259a,0,0,29,10,28,0,0,0,0,0,0
8858dcbb4ae04e975df12a6635aabc30,4,3,0,13,0,0,5,4,7,0,0
cbdb85b28d1783507d937e69a557eb14,0,0,0,0,1,0,1,0,1,0,0
3f87fd1b5e486c0a49a3a95bc6324105,21,6,0,3,0,0,14,4,9,5,0
32d3013da6e3d46b638a04a97f93f894,8,0,0,0,5,0,0,0,3,0,0
232295c0879606eb7645066ffaac3000,0,2,0,4,0,0,0,1,0,0,0
fedbe412758ccf2f105c8a5c075da682,15,0,0,0,17,0,10,3,15,6,6
caed23321def83508bb0beb32bde80a5,2,0,0,0,2,36,0,0,0,0,30
bc7b375df9fa2382525d046048349b18,0,4,0,2,0,0,0,1,1,0,0
51d04f80dae7329d469a00a0ff8b6192,3,0,2,0,0,0,0,0,2,0,2
0f4fd8ca0baba8b2c8cdea467502a175,0,4,0,0,5,28,0,0,0,0,0
28433b538c9cbdb885d22d87535fb203,0,5,0,6,0,0,0,4,0,0,0
6a6798af9a24c35f994bc4dfe63f8b0a,0,3,0,10,0,0,0,16,0,0,0
082e6a3319b9ec02d2145c0aa271f098,1,0,0,0,1,0,0,0,2,0,0
acbf92f98739a21bb63fcf17d247a5dd,0,2,0,4,0,0,0,2,3,2,0
1cbb8a70bb5468666c51008ef87165ff,0,0,0,0,0,0,2,0,6,1,0
80bf63a27c8a147b006a6ae32b76c687,0,3,2,0,0,0,0,0,0,2,0
cf6913cae8f5628ed88092605839e679,0,12,68,22,0,0,0,7,16,4,0
0b3982a80cc6ea855d9c4ab8b1ec7e13,0,0,14,5,0,0,6,0,0,4,0
2704dec7c47e9260651dd8162d7b96d6,0,0,25,3,0,0,9,0,2,0,0
aae99b9ff7d9507ca8004bcbcae322f9,1,0,0,0,25,0,0,0,2,1,0
e97aab4267d3f0f5efe6d4e7eb289a8a,5,0,0,0,5,0,2,0,0,3,0
18985e72f723ffa08412ab24691b9d7a,0,2,0,2,5,0,0,2,0,0,0
1210544d2169882998a0671f7aa2277b,2,3,20,0,0,0,5,5,0,0,0
03a3573c16ff78b710f062ee1be0c35b,14,0,0,0,0,0,5,0,19,0,0
dbf51da224796c8fe00989e7f74de026,0,0,15,0,8,0,0,0,8,0,0
93fd2803a6a02d42ad9ae74b1148a330,0,2,5,3,0,0,0,0,0,0,0
90ecbb46ad248a6dfef5e5f74ed3bb82,0,0,22,0,0,41,0,3,10,2,40
2d5ed631ecf472e9fcd9014e035566b5,12,0,1,0,0,0,65,0,25,0,58
951d5bcc33d07846c19408e69c57bff3,6,5,28,8,0,0,10,0,12,6,0
17c557e2c754ec64a949d2d550560a46,6,0,0,0,0,0,0,1,0,3,0
69ff7aa2d9f593ef7de071dcbee655a3,3,0,0,0,0,0,0,0,5,5,0
0cf2c77fed32b8ce508bed4547f82843,3,0,3,0,0,0,0,2,0,2,0
5c15f82a5b802e44f9f73abed6826d42,3,0,0,0,0,0,0,0,3,0,4
896b655dc2aa97f689c337a3816b62b9,3,0,0,0,0,0,4,0,0,1,1
dad5c5b2f30c4a3a7a76d1a1debece73,2,10,0,11,0,0,0,0,0,0,0
b76213635e786b2d1306b4b481461d59,2,2,0,3,0,5,6,0,0,0,0
f577c87666ebcbdc5581bf71325080c3,2,0,0,0,0,0,0,0,3,9,0
390104a2eeecd56303929ce32c298189,2,4,0,2,0,0,0,3,2,0,0
b95d6c9dc7e969b65afdd800be747a04,2,0,0,11,6,0,3,1,0,0,0
3821052eb9ee876aed34dd0368e5b749,2,3,0,0,0,0,0,0,3,0,0
7901b428dd15bcafb92c0d7d52fa7fd8,2,0,0,0,0,8,5,0,0,0,0
4a4b7d4e629d5e324fceb0530612b40d,1,4,0,5,0,0,0,0,3,0,0
51ed64601fc1ce7488aeebfe83cd26ce,1,0,12,5,0,0,4,0,4,1,0
b3bdef4a3895137d7cf369bd9738c090,0,0,0,0,0,0,2,2,1,0,0
0219321fa2c11f483b6a4b682a8938b8,0,1,0,2,0,0,0,0,1,0,0
73a0869b845bc61ebf4e78ce1b1fa313,0,2,4,0,0,68,1,0,0,0,0
bf0e100800c6a000166aff094080a004,0,9,1,4,0,8,0,0,0,0,0
e399b9abbbd52504f9c9ab8ea36baa7f,0,19,0,39,3,0,0,3,13,7,0
c7c202314151d228606f5c3560117ddb,0,16,0,24,0,3,0,4,0,0,0
44e044f054451e0955ce6ea87735c6a7,0,8,0,6,0,0,0,9,0,0,0
16e6fedcd7449639ba24262657e21559,0,6,52,0,0,0,0,10,0,0,0
baee3b40e09a7909a3fe06542992aa7d,0,6,0,4,0,0,0,4,0,0,0
5cc039109d38ef1876d65f72a211779c,0,5,0,0,0,0,2,0,3,0,0
62febcf1d484e22876c993232aa8e292,0,5,1,3,0,0,0,0,1,0,0
c05d7dc0dd5e9752dcab0807db6c6a6d,0,4,21,0,0,0,8,0,11,0,0
59e97535e01b477761edf0fe8cf97749,0,4,0,8,0,0,0,3,0,0,0
a4442e5e051e301a9a74d6c027af6a3e,0,3,5,0,0,0,0,3,0,0,0
dbf4a739bbe6b3335e7bf5b3fe6fe00e,0,2,0,5,0,0,0,0,0,2,0
f1aa84ba49e04017d404685ee62ccea3,0,0,0,0,0,23,1,4,4,0,26
aba3af4300bf1976b576c44d170cf3e6,0,0,9,3,0,0,1,1,0,0,0
585d6a0abaff87e5ceac160d34bb29c9,0,0,10,4,0,0,0,0,3,0,0
13c4306b88b6a5ea27f87695dda97186,0,0,4,4,0,4,0,0,0,0,0
a4fa8e4dd6a8f9141e018110b476f9ec,0,0,0,0,0,0,2,2,0,7,0
27ad73d072966699f5e5c726859cc2b1,0,0,0,2,0,9,0,0,0,0,18