Module	Mouse4A.FP19	Mouse9A.FP102	Mouse2A.FP07	Mouse2A.FP09	Mouse6A.FP31	Mouse6A.FP32	Mouse2A.FP08	Mouse6A.FP35	Mouse6A.FP36	Mouse6A.FP33	Mouse8A.DTT88	Mouse6A.FP34	Mouse8A.DTT89	Mouse10A.DTT110	Mouse8A.DTT86	Mouse8A.DTT87	Mouse10A.DTT112	Mouse9A.FP101	Mouse10A.DTT111	Mouse8A.DTT85	Mouse9A.FP100	Mouse4A.FP21	Mouse4A.FP20	Mouse4A.FP23	Mouse4A.FP22	Mouse8A.DTT90	Mouse10A.DTT109	Mouse4A.FP24	Mouse1A.FP04	Mouse8A.FP88	Mouse8A.FP89	Mouse1A.FP03	Mouse8A.FP86	Mouse1A.FP02	Mouse8A.FP87	Mouse1A.FP01	Mouse8A.FP85	Mouse1A.FP06	Mouse1A.FP05	Mouse9A.DTT101	Mouse9A.DTT100	Mouse9A.DTT102	Mouse4A.DTT19	Mouse4A.DTT23	Mouse4A.DTT22	Mouse4A.DTT24	Mouse4A.DTT21	Mouse4A.DTT20	Mouse5A.FP30	Mouse6A.DTT35	Mouse7A.DTT37	Mouse10A.FP110	Mouse6A.DTT36	Mouse7A.DTT39	Mouse10A.FP112	Mouse7A.DTT38	Mouse10A.FP111	Mouse6A.DTT31	Mouse10A.FP114	Mouse6A.DTT32	Mouse10A.FP113	Mouse6A.DTT33	Mouse6A.DTT34	Mouse5A.DTT30	Mouse5A.FP27	Mouse5A.FP28	Mouse5A.FP29	Mouse5A.FP25	Mouse5A.FP26	Mouse5A.DTT25	Mouse5A.DTT26	Mouse1B.DTT13	Mouse1B.DTT14	Mouse5A.DTT29	Mouse5A.DTT27	Mouse5A.DTT28	Mouse10A.FP109	Mouse8A.FP90	Mouse1B.DTT15	Mouse1B.DTT16	Mouse1B.DTT17	Mouse1B.DTT18	Mouse7A.FP37	Mouse7A.FP38	Mouse7A.FP39	Mouse2A.FP10	Mouse2A.FP12	Mouse9A.DTT99	Mouse2A.FP11	Mouse9A.DTT98	Mouse9A.DTT97	Mouse10A.DTT114	Mouse10A.DTT113	Mouse9A.FP97	Mouse9A.FP98	Mouse9A.FP99	Mouse3A.FP18	Mouse3A.FP17	Mouse3A.FP16	Mouse3A.FP15	Mouse3A.FP14	Mouse3A.FP13	Mouse7A.DTT40	Mouse7A.FP40	Mouse7A.DTT42	Mouse7A.FP41	Mouse7A.DTT41	Mouse7A.FP42
MF0063	19486.84	21554.35	7766.67	15947.57	10841.84	12873.0	11632.98	3282.47	2549.19	13120.17	1498.58	1741.6	2093.85	9075.34	13226.36	30678.43	2733.65	11112.93	11250.67	16335.78	9083.19	16326.37	13295.87	213.88	238.08	4277.49	18022.02	646.25	1357.85	6982.3	11349.09	19170.2	20841.975	15322.15	23071.965	14101.96	16199.38	1398.92	2047.78	5497.35	6497.3	4486.79	11860.69	795.04	246.74	3700.95	15223.83	15199.66	2691.71	1688.1	6082.95	4195.805	1060.88	20481.25	12883.72	14186.92	10165.0	19603.45	6275.75	15958.45	10008.6	19485.58	472.75	2923.94	1180.43	2357.92	26111.88	5523.63	12168.9	18806.48	10158.92	11225.69	17932.98	1277.04	22485.76	3476.24	9072.45	21464.04	19189.4	1345.58	3206.85	2531.71	5513.42	10078.27	17011.14	3442.2	2192.6	28719.94	5252.7	24895.12	35653.8	6080.54	1003.41	19467.86	13508.64	26118.57	8330.52	5670.91	1156.28	8838.92	6528.15	6216.38	2216.93	8959.05	3613.24	3745.46	1292.33	3825.84
MF0020	7644.75	8585.0	5715.96	7917.35	4122.46	6196.29	6371.21	7207.25	4308.125	6189.275	2912.8	4586.75	954.7	4517.675	6841.0	6988.99	11227.05	7563.59	6871.35	10259.740000000002	1752.4650000000001	9416.91	10236.09	54652.25	52329.125	4976.35	10147.875	38801.0	31043.25	3913.5	4086.4	7395.9	10397.1	13112.01	10685.710000000001	11167.275	8991.490000000002	24683.375	27073.125	5717.0	5255.625	3705.5	5618.16	33208.75	10394.125	15212.875	5335.25	5919.84	6908.25	2390.5	3044.835	8694.2	3996.0	6750.3	38468.05	6970.56	14900.740000000002	9100.3	31860.5	8168.8	52683.25	5845.55	902.875	2496.625	16919.875	14219.75	4752.735000000001	1726.6	5346.14	6977.1	4831.49	5816.84	8601.89	4266.875	5845.41	4784.085	6869.225	8648.875	5967.26	4889.0	10821.49	8586.5	3557.065	5938.66	5413.75	3247.66	3464.2400000000002	13561.45	6640.535	29750.675	10680.2	14168.95	12045.25	10520.0	7203.94	19983.35	23627.440000000002	23262.64	9979.689999999999	9197.365	6934.26	7786.49	4435.91	8478.09	3406.0	8729.75	4136.25	6122.5
MF0061	21205.92	28861.85	7047.4	17240.87	9051.57	11366.77	11045.13	9061.72	5872.61	13078.95	8457.31	5357.02	15757.62	8428.32	13494.87	33411.0	10363.21	16353.77	10622.97	16177.4	13933.17	17373.29	16340.62	36125.21	34880.75	19995.2	18737.68	26658.5	21883.76	17530.88	27343.12	13808.696666666665	20382.28	24187.78	21984.2	21279.01	19684.32	17311.58	19253.78	8729.6	12407.72	6109.7	11951.28	23145.71	7780.49	14784.45	16264.0	15732.16	8044.54	3987.43	6879.69	5288.82	5635.96	20324.32	27224.87	14519.28	12191.62	18881.27	21878.67	15796.1	30534.6	19207.89	1708.75	5547.52	5532.18	8077.0	28441.37	5392.663333333333	11101.13	19394.54	9590.79	10942.52	18504.05	5433.37	22387.76	7638.64	7630.75	30635.46	18934.45	4890.0	7262.55	5788.7	5376.47	10413.35	18419.91	7165.7	5769.05	36642.58	9401.12	54760.88	35358.73	10042.23	6992.16	17450.69	12009.94	38063.84	25333.49	19551.14	6145.91	7133.7	4991.7	5380.08	5167.35	11607.13	6394.66	6929.46	4719.5	9185.17
MF0062	45.0	44.83333333333333	39.83333333333333	66.66666666666667	106.33333333333334	105.5	98.5	327.83333333333337	191.66666666666669	94.16666666666666	0.0	108.5	0.0	144.0	30.166666666666664	21.5	583.6666666666667	20.833333333333336	174.5	173.0	0.0	38.83333333333333	52.0	0.0	0.0	141.83333333333331	0.0	478.5	1224.8333333333335	0.0	35.83333333333333	10.166666666666668	23.166666666666664	100.16666666666666	18.0	32.0	22.5	0.0	1131.5	12.666666666666668	23.333333333333336	9.666666666666668	38.16666666666667	0.0	0.0	297.83333333333337	29.0	58.83333333333333	349.33333333333337	344.0	338.5	176.0	120.16666666666666	292.83333333333337	1638.3333333333335	128.83333333333334	395.66666666666663	606.5	0.0	652.0	0.0	418.0	111.33333333333334	0.0	0.0	533.8333333333333	50.83333333333333	65.66666666666667	55.0	41.83333333333333	256.5	39.333333333333336	26.5	0.0	85.66666666666666	136.0	388.33333333333337	0.0	15.0	347.66666666666663	1152.6666666666665	862.6666666666667	154.83333333333331	179.16666666666669	68.5	0.0	276.83333333333337	32.333333333333336	397.0	90.33333333333334	143.0	791.0	0.0	7.666666666666667	9.666666666666668	63.5	4846.166666666666	4523.5	631.1666666666667	80.0	70.0	81.5	185.5	140.0	348.5	261.5	107.83333333333334	407.5
MF0060	9002.16	7524.66	1419.0	3564.16	2026.48	3031.67	2478.51	1404.34	689.0	2693.92	1564.0	548.33	1153.16	1989.75	1417.16	1018.83	2471.0	1265.5	2484.33	2972.16	478.1	5713.5	5060.33	34914.0	33831.0	2226.66	2312.42	24496.0	17459.0	2710.17	3484.5	3917.34	1791.49	7468.49	3386.16	4478.75	2286.51	12357.0	14265.0	1629.0	805.0	1316.34	2677.99	21481.0	6690.0	9396.0	2429.0	2644.66	1739.0	889.0	1753.4	1723.0	769.0	4334.01	9053.0	4342.83	2870.0	4173.17	6408.0	3723.17	11098.0	2627.51	198.0	2185.09	2213.0	4710.0	20525.08	793.99	4075.84	5486.0	2280.83	1978.16	3530.17	1310.0	2653.33	1544.0	1135.75	6893.25	3095.33	371.5	1410.0	1304.0	1814.09	3375.33	9801.17	1198.16	624.0	4288.01	1805.08	9409.92	3565.83	1943.49	1640.0	2310.5	1988.34	7882.17	5739.68	3295.18	239.17	1557.6	1080.66	1373.84	821.0	5685.67	1343.16	1774.17	1150.0	1213.0
MF0027	45.0	85.0	60.0	22.0	173.0	377.0	144.0	31.0	578.0	44.0	21.0	665.0	0.0	52.0	0.0	0.0	156.0	135.0	9.0	244.0	176.0	10.0	7.0	2.0	1.0	31.0	57.0	10.0	21.0	89.0	0.0	29.0	37.0	19.0	48.0	1.0	12.0	76.0	87.0	19.0	0.0	50.0	14.0	2.0	4.0	102.0	2.0	16.0	138.0	400.0	133.0	106.0	215.0	36.0	329.0	43.0	239.0	141.0	389.0	83.0	3009.0	26.0	178.0	80.0	58.0	46.0	30.0	84.0	1.0	18.0	55.0	109.0	81.0	35.0	19.0	26.0	217.0	26.0	201.0	35.0	8.0	2.0	84.0	44.0	9.0	121.0	46.0	0.0	97.0	0.0	50.0	138.0	181.0	99.0	10.0	80.0	3.0	6.0	27.0	103.0	63.0	90.0	12.0	26.0	103.0	52.0	48.0	99.0
MF0028	32526.52	48512.71	45355.51	23007.32	31040.72	49744.49	33712.78	16099.43	17739.05	39953.33	10315.98	12674.71	24203.22	51736.51	39096.25	39949.93	19916.45	53982.7	54375.68	51760.07	54934.47	34281.92	29092.57	2428.59	1949.33	24534.65	42606.69	4934.0	11271.19	20608.59	31515.84	30182.21	46156.98	19579.82	34739.12	19532.79	24221.38	8090.33	11609.73	28740.87	39271.42	23971.72	45575.25	7821.26	4726.64	15042.22	26890.33	32054.99	19000.59	12290.02	33869.95	38724.42	13153.58	34672.82	39856.12	22901.51	49295.52	40888.9	24923.83	31490.56	42009.35	35426.46	5380.5	15387.19	7454.36	11502.17	31380.05	30746.45	35698.94	28122.31	52844.51	50818.38	48818.45	14182.75	43023.87	16910.84	78160.9	36462.75	57921.48	11628.83	10248.02	5023.39	29294.82	25593.38	25796.81	16313.92	18164.52	36539.44	20522.75	44399.79	54571.1	16389.11	18469.49	57310.88	45778.26	34983.74	11494.51	10204.45	11308.21	47449.63	41837.82	35589.74	10225.05	11950.75	12360.33	11606.58	9296.83	13258.17
MF0025	4894.83	309.16	3231.27	2667.7	3539.93	3588.73	3128.1	291.34	623.33	3341.14	100.6	743.66	86.07	3239.27	1733.83	790.63	650.6	289.67	3405.2	3377.13	245.5	2687.67	2287.16	15.67	9.33	266.2	3109.5	33.0	114.0	152.67	403.63	12601.13	2427.7	4272.37	3011.1	3184.3	2240.3	111.0	381.34	128.84	74.17	312.0	2781.0	46.67	20.0	233.0	1198.83	1570.16	244.67	483.33	1504.6	2047.07	266.0	2168.27	2058.1	1121.3	3967.97	3399.77	477.83	1618.6	3028.66	1815.77	205.0	116.33	94.0	64.67	5451.9	3521.53	5506.43	1424.36	2781.13	2587.83	1893.43	68.67	2293.84	241.1	5102.2	60.33	2595.7	163.33	375.3	202.67	1797.7	1955.83	1496.5	192.0	151.3	2365.4	228.83	5059.44	2605.73	1074.4	246.16	5331.83	3988.7	5056.37	249.53	224.27	179.87	3669.47	2807.7	2115.3	127.83	187.17	202.33	85.0	65.83	134.67
MF0069	10.0	2695.0	13.0	19.0	6.0	33.0	36.0	789.0	251.0	7.0	30.0	98.0	65.0	4.0	45.0	11.0	43.0	332.0	33.0	86.0	136.0	13.0	12.0	71.0	29.0	161.0	608.0	22.0	466.0	144.0	40.0	1214.0	0.0	8.0	8.0	13.0	2.0	8.0	18.0	37.0	38.0	80.0	13.0	27.0	21.0	9.0	11.0	13.0	283.0	28.0	29.0	0.0	18.0	43.0	4.0	13.0	3.0	13.0	3777.0	47.0	657.0	22.0	13.0	24.0	93.0	146.0	16.0	10.0	18.0	8.0	27.0	24.0	9.0	8.0	28.0	58.0	0.0	69.0	9.0	6.0	3.0	16.0	19.0	8.0	13.0	50.0	217.0	50.0	235.0	87.0	103.0	317.0	32.0	35.0	3.0	2.0	6849.0	4644.0	34.0	38.0	10.0	7.0	16.0	387.0	28.0	69.0	9.0	620.0
MF0102	468.0	12131.0	165.33	1373.5	679.33	553.17	532.33	967.0	471.02500000000003	2463.5	139.0	296.0	134.0	131.0	435.0	683.17	364.0	5370.0	279.0	1070.17	6762.0	479.33	255.17	40.0	35.0	61.0	218.0	306.0	96.0	306.0	483.0	650.0	591.0	680.83	1713.83	731.0	788.17	141.0	162.0	1229.0	822.0	1020.0	164.33	88.0	39.0	226.0	187.0	159.17	300.0	230.0	73.33	82.0	224.0	796.0	1156.0	252.83	350.17	1432.0	773.0	852.5	4200.0	1512.0	111.0	119.095	67.0	91.0	580.33	65.0	531.17	244.0	289.17	464.17	875.17	76.0	588.33	172.33	112.0	92.0	985.33	105.0	129.67	350.0	95.67	366.33	948.0	1272.0	996.17	646.0	2020.33	1387.5	566.0	170.0	86.0	619.5	260.17	967.0	132.17	86.67	101.17	541.17	286.33	315.67	159.33	413.67	315.0	867.0	277.0	1782.0
MF0026	16761.375	24416.63	22708.255	13739.26	15605.36	24955.245	16939.39	9468.28	9060.025	20016.665	8781.255	6442.355	20654.295	25981.755	19557.125	20418.13	10742.455	27400.85	27325.84	26015.035	0.0	17154.46	14579.285	1636.295	1243.165	22930.05	22233.345	2945.5	6858.095	19563.65	30718.4	15096.105	23085.99	14876.01	0.0	12697.805	0.0	5078.665	6936.365	0.0	19871.21	0.0	22789.625	3973.13	2437.32	7600.11	13448.165	16029.495	9849.795	6248.01	17004.975	19529.21	7319.23	17374.91	21515.56	12104.15	25010.26	20604.45	14909.915	15799.28	24674.675	17797.73	2761.75	7742.095	4168.68	6285.085	23212.42	15447.225	18381.47	15249.175	26444.255	25432.69	24418.225	7228.875	21526.935	8561.92	39451.95	38167.895	28966.24	6642.915	6274.51	3380.935	14798.41	12948.19	15264.33	8617.31	9356.26	23186.44	10658.375	33572.585	27388.55	9417.055	10119.245	0.0	0.0	25752.955	12893.025	10613.67	7348.28	23788.815	20980.41	17860.87	5642.8	8012.19	6256.165	6063.29	5170.29	8090.045
MF0103	25751.364999999998	46327.604999999996	45840.815	20806.335	30255.670000000002	47724.185	33432.67	18349.565000000002	21163.07	33756.89	12784.94	15275.23	30364.48	48016.86	35864.295	15579.130000000001	22134.11	63679.340000000004	49990.29	48100.55	61063.840000000004	26850.41	23804.23	2868.225	2319.285	30602.335	33225.58	5583.25	13146.83	27898.1	39510.575	33640.8	42788.44	18418.235	33497.94	14205.005000000001	21302.185	9886.25	14291.09	36138.259999999995	49464.58	29586.66	38056.32	9363.1	5783.795	17721.785	15343.66	22424.114999999998	23007.225	14425.365	33865.17	35587.955	16229.865	26643.405	37903.86	21721.245000000003	45556.55	37195.895000000004	25441.785000000003	27957.805	45116.399999999994	25053.199999999997	6508.625	19023.239999999998	9083.705	14803.715	27956.095	31796.395	31845.17	22909.53	49052.369999999995	49635.740000000005	43398.69	17703.705	28205.215	18749.225	74448.32500000001	57184.795	49756.270000000004	13571.285	10110.355	4750.25	29302.504999999997	23957.025	21087.045000000002	18402.215	20996.105	24610.945	22717.625	35296.020000000004	31922.355	16479.07	22759.82	57809.195	47070.2	33833.415	5061.12	6332.85	13188.005000000001	47353.14	41650.54	35376.265	11764.650000000001	13475.75	14233.41	13153.990000000002	11514.035	13494.465
MF0067	43683.0	51789.31	41770.64	33967.17	27592.84	45579.03	36152.65	20513.57	15841.44	37949.76	13757.91	14210.1	27883.52	42784.59	38471.77	48545.46	25636.82	42580.1	47222.77	52109.27	38920.42	39558.21	34972.86	39110.13	37123.08	32240.07	44567.1	30314.25	30163.68	29629.3	44001.67	30896.54	55004.21	42409.0	45022.35	34728.38	33411.95	24723.5	27639.2	22075.99	29663.72	18869.13	40670.36	27871.37	10382.74	23673.55	28354.66	32494.65	20443.46	10111.52	28124.13	33742.91	14305.8	41447.19	70155.22	31722.17	47248.5	44663.21	48476.0	36896.54	76854.43	37784.74	4587.75	14020.35	21951.43	20426.17	48085.84	21283.38	31927.08	36710.82	44321.75	42738.85	51570.49	14376.54	43839.67	18441.86	57770.15	59035.04	51046.39	14397.83	18823.2	12771.81	24657.43	29297.43	33723.24	16591.62	15982.18	55572.93	22592.37	89141.65	62955.88	26813.71	24056.74	60564.77	46470.74	65615.56	40339.35	36995.74	20128.36	45804.24	37762.25	34437.78	12911.49	23044.06	13151.74	17278.46	11252.08	17323.09
MF0024	16762.875	24406.13	22684.255	13692.26	15522.36	24876.245	16863.39	9175.78	8877.525	19980.165	47.0	6351.355	93.0	9.0	19579.125	20423.63	10208.955	8.0	27188.84	117.0	27469.735	17145.46	14550.785	1220.795	978.165	205.0	1263.0	2473.0	8.0	19533.15	30691.4	15698.105	0.0	14834.51	0.0	12701.305	14017.875	4048.665	5813.865	51.0	19658.21	12030.86	22812.625	174.0	2389.82	447.0	13466.165	89.0	78.0	6392.51	553.0	0.0	7289.73	17588.41	19930.06	193.0	24649.26	862.0	12482.415	16340.28	21008.675	18042.73	2736.75	61.0	27.0	15.0	23176.42	15378.225	17858.47	60.0	26667.755	32.0	9.0	7113.375	21587.935	115.0	0.0	37799.895	28965.24	6296.915	7.0	16.0	14653.41	12799.69	15242.83	12.0	9097.26	23206.44	10303.875	109.0	148.0	8529.055	9261.745	0.0	22890.63	25745.955	13.0	21.0	6721.78	23743.815	20923.91	17798.37	5613.8	7895.19	6463.665	6.0	5130.29	9.0
MF0068	33989.33	46355.76	31403.09	26567.32	22750.99	34851.08	28305.15	20383.39	15871.19	29843.09	13902.41	13719.6	28038.52	32929.09	30242.45	40579.46	24784.48	41697.27	36118.17	40085.85	38646.26	31915.13	28467.53	38288.63	36611.83	32002.57	36573.02	29671.75	27795.68	29591.97	43946.17	26603.19	40324.97	31355.06	35706.22	26102.9	27505.95	22766.25	25550.95	20684.02	29285.22	15965.45	32077.44	27837.21	10310.99	22675.7	24677.33	27263.07	20022.46	10057.94	22840.04	27807.72	14347.46	32568.68	58757.72	24170.67	40039.57	35678.79	44719.5	29576.12	73510.93	31519.0	4612.0	13775.6	21184.68	19438.67	44804.52	19002.88	28903.56	30468.57	34142.75	35015.85	39501.81	14220.79	35894.85	16019.41	47046.95	59005.87	42598.32	13822.33	16042.93	11193.87	21307.25	22764.27	29190.99	17702.62	16452.18	47377.48	23885.62	68181.65	51892.21	23257.71	22414.74	44322.69	33709.47	51854.54	30862.31	30379.25	18984.86	35127.0	29358.32	27225.63	12297.6	21711.38	12673.58	17637.96	11373.58	18293.59
MF0101	9008.0	10465.0	15649.6	4586.2	9191.6	19140.4	10092.6	1253.0	1027.0	13085.8	367.6	1145.0	245.4	18900.6	13784.0	6461.8	3268.6	5584.0	20405.2	17964.8	6991.0	11504.0	9567.0	69.0	53.0	415.2	12792.0	328.0	232.0	496.0	1399.8	2860.8	15531.2	2314.2	9085.6	2031.8	5642.8	171.0	439.0	901.0	804.0	994.0	15550.0	201.0	75.0	539.0	6326.0	9047.0	537.0	848.0	10736.6	15320.4	426.0	7257.6	10507.6	6701.8	16701.8	12655.6	1167.0	11164.6	7244.0	10033.6	297.0	293.0	190.0	167.0	7365.4	7158.2	9508.6	7912.2	17682.8	18876.0	17622.6	217.0	8737.0	1222.6	29179.2	140.0	19802.2	1791.0	3516.8	1553.0	9108.2	7688.0	8312.0	1675.0	1268.8	5907.4	2304.0	8815.6	12673.4	3284.4	401.0	16035.0	13086.2	6285.2	1156.2	1154.6	1078.2	16171.8	14967.2	12575.8	626.0	1202.0	719.0	1023.0	359.0	1943.0
MF0021	9426.925	14261.605	17255.585	10567.24	11595.849999999999	21025.5	15117.31	5357.715	3350.8599999999997	13487.330000000002	3763.825	3770.94	8087.855	14575.669999999998	17995.29	11516.05	6994.8099999999995	11193.599999999999	17161.254999999997	20318.785000000003	5278.245000000001	11658.29	10983.955000000002	1402.71	1001.0	11463.154999999999	13948.93	1920.5	5006.595	9134.544999999998	15185.755	16810.11	22928.235	17427.235	20754.805	12982.144999999999	14991.529999999999	6815.165	6760.195	7072.015	8704.38	6373.030000000001	10360.035	1108.21	685.905	3018.28	5165.25	8577.33	4215.125	2713.1800000000003	10498.715	9890.13	2853.625	11904.58	18347.89	13397.585	13665.505000000001	17335.95	11123.585	16484.615	16145.015	12821.9	1144.5	1656.1000000000001	2731.9300000000003	3941.25	10009.105	7258.305	9474.81	13865.074999999999	15610.34	21703.94	23418.48	2399.455	11065.595000000001	3587.83	21291.2	23868.96	23028.82	4733.5	8330.18	5248.780000000001	7908.415	10878.605	9346.240000000002	3058.955	2894.9300000000003	19265.225	4087.54	38201.56	18150.3	7223.049999999999	5002.08	25449.775	20527.885	31864.62	19914.765	17713.565000000002	5002.9400000000005	17047.239999999998	15035.905	13208.875	2900.6050000000005	3667.71	2861.08	2362.125	2087.0	4747.085
MF0065	22713.67	36459.225	17607.125	17423.195	15679.17	22360.545	17449.355	11009.57	7530.360000000001	20034.0	7268.755	6782.8	15034.795	19771.42	18440.495	33105.05	12998.965	25889.769999999997	21278.17	24312.074999999997	23303.795	19875.665	16933.745	36802.5	35165.0	17896.59	23729.305	25997.5	20768.5	16783.315	24176.795	21115.155	26101.855000000003	24739.730000000003	27409.425000000003	19812.435	20471.370000000003	16013.5	17412.5	13009.724999999999	17444.97	10604.825	20033.155	22204.0	6956.5	11190.75	17830.25	18615.035	8893.02	5197.555	13118.165	14188.61	7061.605	23893.795	34196.175	17153.955	20928.5	24339.120000000003	33835.625	20309.45	54935.905	23497.365	2236.25	6366.02	18204.465	14439.96	25982.145000000004	11402.3	17606.73	23416.615	20710.339999999997	21119.269999999997	24679.15	5932.8099999999995	27268.635000000002	7982.49	26064.2	35888.979999999996	28906.525	7381.125	9966.4	7775.5	11420.545	15023.85	18841.785	8111.825000000001	7706.35	38703.23	10442.995	51168.479999999996	39646.505	13263.66	14396.04	28849.940000000002	21612.14	43097.79	25749.78	23029.504999999997	13991.43	18261.5	15111.775	13927.48	5561.465	12570.375	6304.785	11129.5	5640.5	8961.585
MF0022	6707.34	19473.61	8256.42	7923.82	8090.51	8682.75	8727.9	7698.46	8474.36	7149.33	5003.91	6148.69	12186.35	7522.17	6387.12	3846.63	7583.98	23245.6	7876.17	10753.53	24052.92	7902.29	6955.12	1198.46	938.25	12952.82	7331.6	2276.0	5680.43	9960.71	14945.84	14522.28	9887.48	11816.23	10313.97	7689.48	7076.2	4038.0	5918.36	12286.93	17230.8	10551.7	7827.78	4018.54	2356.82	8278.95	4387.0	6220.91	9199.96	6103.85	7356.54	4409.8	6547.21	10197.5	11627.97	7955.17	9265.08	11061.95	13756.75	7875.45	18307.77	6403.82	2671.25	7745.77	3533.68	5499.75	8010.27	8370.3	8451.23	9222.91	10232.42	7065.02	6973.48	7082.87	8113.51	7826.91	10584.45	18146.96	8142.32	4248.25	2322.43	1439.2	6010.0	7337.44	5832.49	7112.62	8346.93	9543.72	8965.29	17341.89	7418.55	6653.46	9258.33	13926.61	11140.47	15192.12	8041.51	6394.06	4668.19	8290.08	6544.57	6166.46	5229.52	5213.96	6241.66	5178.46	4573.75	5812.25
MF0066	5607.335	28937.355	8475.92	6561.16	6829.11	7075.83	8107.889999999999	9164.715	9559.11	6808.955	5768.575	6580.19	12462.86	6501.295	4576.0599999999995	3626.8149999999996	9576.575	29078.015	6776.09	8781.265	25280.785	6797.48	7632.725	19028.48	18157.5	13180.49	8302.215	14206.75	13508.715	13659.21	16670.42	13697.44	7576.99	9466.45	8241.81	6987.155000000001	5820.1	10546.875	12390.805	15021.015	20333.879999999997	11939.11	5464.225	13394.935000000001	4763.955	10939.02	3863.5	4645.62	10498.625	6231.93	6483.685	10052.96	6904.125	6938.41	24740.065000000002	5298.25	14238.375	7879.95	21098.295	5291.225	31627.555	4412.73	2697.0	8463.305	9774.215	8442.875	8626.485	9256.06	8951.22	5602.62	8063.09	6083.69	6263.74	7765.205	5948.6	8119.545	13637.7	30811.335	5779.16	5350.625	7475.095	5045.53	7200.785	5855.885	4347.99	9103.54	9391.595000000001	7418.365	11932.625	14352.114999999998	7281.4400000000005	11106.474999999999	9849.58	12630.19	9545.63	10647.895	14964.6	13626.125	7488.68	10753.79	8389.41	8981.23	5340.6900000000005	9409.48	6564.75	8198.314999999999	5235.5	7486.335
MF0018	36757.26	26040.27	26584.42	15931.66	15856.19	26110.08	20140.97	13614.55	13140.94	20390.25	8635.24	9661.27	15736.86	27727.09	19156.79	8807.8	17568.31	30148.27	29782.84	28471.62	25985.74	24394.54	23667.37	37226.13	35910.08	17196.41	23165.43	27571.75	23981.18	24226.13	28331.17	19691.02	22497.74	12305.99	18114.89	9383.73	11626.11	18065.5	21334.7	17930.02	23169.21	13512.11	23142.87	26399.38	9465.57	21008.11	10957.83	14178.58	16720.63	7780.01	21612.72	25697.21	10398.29	17974.16	42924.06	12523.17	33919.18	23297.2	32440.33	17272.53	55558.59	15885.73	3194.75	15698.01	19321.93	17521.17	76735.02	18592.89	29361.89	12714.32	27601.59	26217.36	23814.81	11863.71	16198.85	11322.75	43062.45	55772.54	26046.57	9749.83	10532.43	6787.03	21132.08	14996.52	33426.32	13624.79	11757.68	13602.47	19024.87	21763.98	19466.05	17038.22	17502.91	30210.19	23910.8	18146.37	12814.34	13144.23	13952.36	30644.32	26172.49	23422.29	8278.77	29527.38	12386.58	17766.79	9032.08	10349.92
MF0019	8445.29	594.58	5031.24	3832.03	6814.82	9306.26	4335.9	406.63	632.33	9539.38	98.62	847.58	164.67	8323.02	4427.63	1850.77	1895.33	287.46	9231.37	10290.48	246.63	9532.29	7333.04	28.13	8.75	424.03	7636.35	29.0	176.79	152.13	684.47	11644.94	5553.27	3911.32	4746.16	2980.98	2617.19	84.25	318.11	198.29	153.12	370.58	9658.28	249.13	83.46	765.33	5535.5	6862.17	282.13	1035.79	5778.15	4829.7	373.87	5787.62	7417.33	3057.3	10852.88	9309.49	510.0	5686.99	3105.29	5201.33	308.75	210.04	140.04	76.0	7193.75	5845.48	8814.33	4404.53	10581.64	4727.75	3940.5	179.12	5944.62	966.49	11302.9	60.38	5292.6	285.0	707.4	440.58	6241.95	5822.91	7548.49	198.46	130.4	2311.97	222.71	4584.14	6928.01	2561.51	316.0	4308.36	3433.8	4493.7	310.49	266.74	421.28	7730.81	6612.36	5478.98	492.91	466.54	855.0	150.37	166.0	165.0
MF0030	2138.5	223.0	160.5	1125.5	442.5	179.0	410.0	72.0	0.0	474.0	47.0	0.0	31.0	1086.5	514.0	2899.0	162.0	156.0	1093.0	476.0	73.0	744.5	629.5	0.0	0.0	165.0	811.5	0.0	27.0	24.0	205.5	545.0	538.0	855.5	1471.0	3349.0	1524.5	9.0	40.0	31.0	37.0	55.0	1900.0	53.0	0.0	151.0	1774.0	2833.0	0.0	78.0	522.5	69.5	18.0	2039.0	1205.0	540.0	203.17	2240.0	161.0	1428.0	73.0	1504.0	0.0	57.0	0.0	0.0	451.5	52.5	212.17	1564.0	1392.0	1321.0	3178.0	58.0	2426.0	490.0	441.5	20.0	1687.0	80.0	329.0	275.5	87.5	307.0	728.0	13.0	20.0	2701.0	13.0	1917.5	2835.0	851.0	50.0	1045.5	270.5	2063.0	258.0	132.0	70.0	294.0	139.0	222.0	186.0	258.0	195.5	27.0	12.0	18.0
MF0074	49380.27	30483.71	26864.4	29166.61	24582.93	38509.6	26687.43	6742.85	4542.8	33016.28	4912.55	3575.96	4856.31	31735.16	35781.41	48937.47	9737.19	17215.04	36575.31	45188.02	10869.33	40543.66	35506.99	35197.09	34271.33	8930.2	34883.03	25199.25	19144.11	15466.34	23717.38	31284.0	52276.19	45193.35	46509.59	35671.41	37029.18	14928.0	18043.56	6222.62	3880.34	6581.64	33815.98	22676.42	7119.06	16438.56	26844.16	29698.99	6297.92	2572.36	20548.49	22454.11	2619.0	36715.89	37770.43	31631.37	33836.3	41646.55	12518.75	36090.38	21174.36	35609.95	721.5	8610.45	4037.61	7354.92	77161.89	14465.99	29691.19	40485.2	32342.38	35431.55	44203.36	4055.75	37264.86	8283.56	41136.2	39455.17	46264.52	4064.58	10418.23	7025.23	18624.05	24385.62	45630.98	6237.24	3728.98	63468.3	9443.49	101700.27	60175.03	12957.95	3171.74	47470.8	35411.24	76625.62	10786.83	7341.87	2813.02	28207.77	23705.69	21420.95	4734.95	23436.68	7705.41	9361.25	3460.16	5873.51
MF0031	6484.01	16166.77	7727.59	6130.16	6862.86	6447.41	6855.39	7604.8	8208.69	6330.0	4934.74	5575.52	12205.36	6743.34	4615.79	1669.13	7983.31	22697.6	6506.34	7827.2	23718.57	4329.96	4140.95	2005.63	1467.58	12654.66	7635.93	3197.0	7584.43	9885.38	14228.67	18131.27	6089.49	6966.41	7336.31	4999.48	4122.69	5942.0	7731.7	12039.27	16993.46	10356.36	6019.29	3875.88	2459.82	7002.11	2592.33	3391.91	9743.13	5384.01	6322.39	4445.46	6384.54	6726.16	12035.31	3937.84	8548.26	7657.95	14148.58	3822.78	22266.59	4079.48	2572.25	7584.76	4348.68	6456.92	8516.44	8641.14	8452.72	3986.07	8294.42	5968.19	4312.14	7169.21	6210.02	7198.42	10816.95	18691.79	5662.49	4716.58	3792.26	2609.03	6067.16	5212.94	3993.32	7137.46	8742.76	6040.22	9742.79	9065.73	4864.55	6677.97	10676.66	12970.94	10139.63	10273.12	10855.17	10764.06	5785.69	7977.9	6275.41	5390.62	4538.19	4827.96	5505.33	5536.79	4549.58	5925.92
MF0075	9736.18	53421.61	19138.92	10737.16	10986.53	17782.08	14351.39	10178.96	9809.36	10673.66	5332.24	6638.86	12380.19	16801.17	15172.46	28119.8	8722.81	38406.43	17102.34	17448.87	44182.57	7764.29	7971.29	1470.96	1137.75	12422.66	22668.43	3321.0	6504.43	10827.21	15428.84	16847.94	17939.49	9116.74	13896.81	9881.98	10848.69	4142.0	5864.36	16918.93	23373.29	13609.36	11790.29	4411.71	2563.82	8781.11	11590.0	11461.75	10379.46	7421.68	13961.89	10302.29	6891.04	17035.99	15717.81	9805.34	13073.59	17354.28	21821.25	15483.78	33704.43	19760.31	2913.25	7774.43	4028.68	6278.25	9190.94	10308.31	8731.89	11409.91	18096.09	23122.86	23073.31	7143.54	21636.18	8101.42	24421.95	18419.96	28534.99	5830.25	4762.76	2529.36	9136.66	7993.11	5921.82	11532.46	12003.76	23310.22	15795.96	19539.39	30614.22	8129.47	9468.5	27210.61	21235.63	15699.95	21171.34	14937.39	5693.52	18612.73	16203.41	13934.12	5661.86	7141.79	7951.0	8079.79	5315.25	11985.25
MF0072	2218.0	12413.83	715.67	2140.0	789.5	879.83	1127.0	3977.67	1999.08	1177.92	1790.5	966.83	392.0	899.92	2708.83	2008.33	3934.67	3964.5	1868.5	2524.33	804.92	3146.5	3842.33	36005.17	34494.08	1120.67	5470.92	25694.5	21201.67	1973.67	654.5	3430.33	3259.5	3299.0	3006.0	2624.42	3671.0	14570.42	16655.42	5555.67	5536.75	2963.5	1436.33	22132.0	7033.25	11039.75	1655.33	1907.33	3474.17	2655.5	2645.58	2317.5	1208.0	2891.5	13127.0	1484.67	4115.0	5012.0	20996.83	5500.0	21974.83	3519.5	607.25	1172.08	3472.25	6523.17	1554.08	540.83	968.0	1242.33	2861.33	1219.0	2160.33	1755.92	1831.17	2468.25	1983.75	1495.08	1099.0	935.33	4121.0	3345.17	649.25	976.0	722.33	1106.0	1956.0	3581.0	2771.58	14513.42	3502.5	4577.83	3693.33	3114.5	2012.0	3333.5	30633.83	22772.17	1839.67	934.92	725.0	556.0	1742.33	2735.67	3251.83	2663.5	1556.33	3730.17
MF0073	32225.92	33100.93	27321.59	23897.32	21883.34	33072.58	24276.15	9286.89	10010.69	28766.17	6231.41	7195.6	13624.52	31153.84	29881.45	39897.96	11824.98	32438.1	34105.17	36602.11	31620.67	29677.71	24768.53	1275.13	1117.83	15585.57	30651.35	2833.25	6044.18	14002.3	23888.67	23829.36	39018.73	29424.65	34668.22	25638.48	26727.45	5228.75	7309.45	17609.52	23035.47	14908.95	31296.53	4334.21	2485.49	10186.2	23165.33	26589.07	10983.96	6465.18	20336.29	21397.22	7072.96	30724.67	29494.72	23316.17	30701.5	32875.37	12204.0	27238.2	24250.93	29597.74	2784.0	10292.1	4339.18	6358.67	39617.27	16756.88	24318.06	30247.82	32704.25	33141.35	38488.31	7970.79	35327.35	11207.66	42407.2	27191.29	41794.07	6707.83	7799.43	4434.87	17602.5	20099.02	27335.49	10353.12	10212.18	46359.98	13435.62	72862.4	50252.38	11959.71	9845.24	42963.69	33059.97	51204.54	3453.85	3629.74	6330.86	28374.25	24174.32	21304.96	6648.1	13210.38	8402.24	8543.96	5355.08	8203.09
MF0070	5397.51	27730.44	9945.92	6587.66	6875.36	7541.58	8932.89	13575.63	11979.11	6534.33	6791.24	9534.69	12574.36	7131.92	4606.46	1937.3	15174.64	30200.1	7663.84	9523.87	25586.4	5502.46	6848.12	37999.46	36105.0	14079.99	9346.01	28231.5	26346.76	14297.71	16683.17	14703.94	6188.49	7862.91	8304.81	5122.81	4953.19	19928.08	22910.78	17729.1	23034.71	12999.86	5579.96	25864.88	9263.07	16262.86	3265.5	3693.08	14687.96	6868.51	6851.31	10052.96	9740.54	7017.66	34457.81	4434.67	16300.76	8146.45	40116.25	5461.78	61906.76	4436.48	3184.5	9230.18	18876.93	17359.75	9369.36	9604.31	9870.22	4060.24	8228.09	6798.69	4720.31	10284.79	6096.35	9313.17	13637.7	31450.21	5820.33	8187.25	9281.67	7076.34	8142.91	6545.44	4378.49	9857.46	11054.26	6725.22	14590.21	9126.06	6064.55	13834.14	18882.83	12980.94	9672.13	10796.62	27811.34	25337.89	13568.02	13684.48	10702.91	10618.12	7336.36	11697.79	7330.5	12496.29	7838.75	10444.75
MF0071	34650.17	43283.765	29712.254999999997	25785.07	22657.09	34616.915	26793.65	16598.905	13013.650000000001	30629.46	10940.505000000001	11166.84	21658.295	32696.629999999997	30543.785	41387.545	21085.955	38376.35	35870.67	39974.195	35510.96	32022.21	27848.614999999998	20738.274999999998	19817.665	25380.425	33828.39	16406.375	17211.935	24124.025	34309.42	24720.445	41660.98	31321.9	37009.97	26767.77	28603.7	16345.04	17348.17	19883.184999999998	26603.095	16573.2	32198.364999999998	15815.645	6023.07	17572.725	24195.915	27316.405	15856.23	8486.18	22055.25	24859.97	11824.605	32354.42	49753.035	24441.335	35970.0	35110.62	42641.375	29196.7	67459.82	31064.74	3677.625	12033.810000000001	21183.86	17502.585	42646.729999999996	17980.215	27039.06	30675.655	33986.835	34367.35	39061.395000000004	11201.77	36148.515	13825.535	45151.575	49384.645000000004	42569.57	12031.54	14024.615	10072.435000000001	19679.625	22323.52	29631.825	13457.619999999999	12967.93	47458.73	17742.58	70364.19	51688.38	19832.015	20581.53	44323.44	33978.47	54672.79	29313.605	26699.67	19509.03	32257.54	27125.07	24724.71	9667.925	19715.065000000002	10802.325	15828.23	9482.79	13390.045
MF0038	36473.42	47117.93	32265.92	30269.32	23952.17	36071.75	29785.48	18098.79	12125.08	33209.42	12293.35	10862.81	27414.97	33942.59	33828.45	43606.63	20843.35	38495.16	37980.17	42661.78	38378.49	34522.04	30264.2	1519.92	1313.33	32324.07	36787.6	3326.0	8387.5	22784.52	44571.17	26582.86	43785.23	33160.98	38661.55	29530.23	30906.12	9501.75	10998.09	17190.34	25145.97	16468.45	33863.86	5899.82	3270.85	13796.2	26057.83	30041.24	14316.57	9076.43	23398.37	28507.72	10806.1	34379.17	56997.3	25541.0	41475.67	37468.87	26928.43	30544.7	26181.36	32518.74	3828.5	10655.28	5503.5	7145.92	31092.66	19276.88	30087.23	31881.82	35611.92	36334.52	41737.98	10840.82	38387.68	16468.24	47561.45	38272.33	44043.4	12192.58	16000.59	9881.37	21738.92	23939.35	31304.49	12874.06	13232.09	49503.48	15159.49	78908.65	54020.38	21429.45	13397.81	46390.69	35423.14	55108.04	29943.22	20261.56	11159.26	36384.17	30187.15	27867.13	11764.64	12694.01	11037.63	8553.35	7727.58	13380.27
MF0039	52.0	17.0	28.0	77.0	48.0	53.0	44.0	3.0	0.0	64.0	20.0	2.0	29.0	28.0	59.0	86.0	25.0	4.0	33.0	77.0	5.0	61.0	71.0	0.0	0.0	63.0	724.0	0.0	0.0	0.0	19.0	76.0	86.0	369.0	57.0	335.0	39.0	0.0	0.0	14.0	8.0	10.0	86.0	147.0	43.0	443.0	124.0	195.0	0.0	492.0	563.0	64.0	82.0	585.0	100.0	293.0	45.0	944.0	11.0	1193.0	8.0	695.0	80.0	37.0	0.0	0.0	37.0	10.0	37.0	141.0	520.0	65.0	85.0	36.0	219.0	89.0	35.0	0.0	66.0	6.0	14.0	17.0	23.0	97.0	59.0	0.0	0.0	98.0	0.0	458.0	151.0	386.0	27.0	49.0	40.0	97.0	13.0	0.0	3.0	51.0	37.0	51.0	221.0	13.0	539.0	0.0	66.0	0.0
MF0036	10158.451666666666	7001.08	4434.585	7352.753333333334	4159.969999999999	5047.67	6369.1	3600.383333333333	2818.3233333333333	7277.34	1107.005	1901.79	1853.5749999999998	4592.75	7454.541666666667	8195.395	3783.5866666666666	1698.5	6338.745	8875.154999999999	699.355	8729.676666666666	7709.638333333333	1218.0	946.5	3412.1549999999997	7515.24	1383.375	3145.125	5059.005	7095.665	5633.76	12835.851666666666	5980.725	10268.946666666667	6419.636666666666	7016.293333333333	2214.125	2208.585	471.58500000000004	850.0999999999999	627.26	6790.155000000001	953.5799999999999	359.005	3401.51	5531.888333333334	7147.086666666667	3316.855	1416.835	4102.1449999999995	7717.84	1694.5049999999999	7813.071666666667	9404.119999999999	4675.208333333334	7805.735000000001	8794.571666666667	9654.346666666668	6168.958333333333	10043.598333333333	6713.5	408.875	2976.425	1724.405	2836.153333333333	16005.136666666665	1774.735	7923.018333333334	5174.785	5318.41	5849.82	8570.003333333334	1936.745	8129.641666666666	2917.3199999999997	6238.25	12517.0	8455.66	1895.555	2229.3399999999997	1593.3449999999998	4115.175	5070.083333333334	8507.975	2903.126666666667	2451.21	8033.554999999999	3771.9766666666665	17932.368333333332	10709.553333333333	3840.078333333334	2799.86	10025.25	5361.175	9911.55	13711.5	9269.5	2114.4616666666666	6761.501666666667	5008.325	4880.32	1943.7066666666667	4936.6483333333335	3044.59	2682.135	1648.25	3232.2366666666667
MF0037	391.0	5403.0	80.0	272.0	29.0	66.0	128.0	1570.0	780.0	94.0	45.0	177.0	80.0	73.0	47.0	0.0	91.0	672.0	69.0	112.0	296.0	339.0	390.0	168.0	91.0	103.0	1355.0	207.0	1093.0	374.0	142.0	211.0	0.0	69.0	42.0	24.0	12.0	114.0	95.0	39.0	44.0	0.0	152.0	0.0	88.0	0.0	101.0	178.0	825.0	964.0	1069.0	0.0	0.0	965.0	358.0	0.0	113.0	0.0	7580.0	2304.0	2512.0	1276.0	0.0	82.0	366.0	692.0	393.0	52.0	202.0	0.0	0.0	31.0	19.0	74.0	308.0	138.0	63.0	226.0	11.0	11.0	0.0	9.0	36.0	83.0	116.0	445.0	607.0	0.0	813.0	0.0	139.0	810.0	177.0	70.0	0.0	77.0	11271.08	8842.143333333333	267.0	169.0	116.0	117.0	0.0	920.0	0.0	407.0	0.0	1474.0
MF0034	8045.01	37037.94	8231.92	8086.16	8139.36	8064.58	7999.39	10584.13	10111.86	8900.33	5155.74	7139.19	12362.36	8409.67	5332.46	23521.8	9588.14	31428.1	7691.34	9406.87	31037.4	5414.46	5065.12	2975.46	2069.75	13273.49	16285.26	4483.0	10847.76	10521.71	14917.67	14588.94	7491.99	8355.41	10846.81	8690.31	7828.69	9062.83	10749.53	17068.6	22507.96	13804.36	8077.96	4339.88	2738.32	8369.61	10772.0	8628.58	11055.46	7199.01	7818.56	4827.96	7129.54	14693.66	17706.81	5259.67	10059.76	12781.45	25938.25	7820.78	38394.26	14340.48	3137.25	7941.43	5404.68	7821.25	8851.61	8786.81	8791.22	7690.24	10033.09	8214.19	8324.31	7621.54	18707.85	8134.92	12500.95	19862.96	13645.99	5685.75	6520.76	4779.86	6577.66	6444.44	5857.99	8845.96	10630.76	18336.22	12748.46	11605.06	24430.55	8510.64	12832.33	13367.94	10006.13	13086.62	32911.34	27536.89	7250.52	8654.73	6720.91	5960.62	5380.86	6190.79	7193.5	7250.79	5191.75	9671.75
MF0078	12651.84	3725.02	4352.17	6458.07	5444.51	5877.0	5806.15	1841.3	1356.36	5019.33	2501.91	696.44	1644.85	4723.67	4074.37	3145.63	3432.98	4368.93	5796.17	7216.78	1800.67	8743.54	9327.87	34952.71	33951.25	2784.32	5210.85	24570.75	17700.68	7539.63	6965.09	14039.53	6493.23	11145.73	6915.72	6951.23	5999.7	12453.25	14904.61	2342.18	1471.8	1351.95	5321.53	21644.54	6768.74	11173.45	4246.0	5232.66	3061.54	730.1	3490.79	4013.8	1114.21	6515.25	12650.72	5209.42	8073.33	7454.95	6824.92	5191.45	11425.77	4994.07	160.75	3242.27	2819.43	6258.75	25095.02	4945.3	8925.23	6683.66	4744.42	4140.52	4868.98	2183.37	4454.76	2652.41	7063.45	21030.21	5154.07	800.75	2624.68	2173.2	4213.25	4924.44	10227.24	1835.87	1174.43	6958.23	3132.54	13700.06	5882.3	3313.71	1815.58	7663.61	5634.97	10455.62	2161.52	1736.57	729.44	5018.08	3859.82	3324.71	1455.77	8133.71	2561.41	3756.46	1823.5	1838.67
MF0035	16502.51	36585.77	23139.09	11730.16	15356.36	24769.41	17160.89	9597.8	9484.69	19632.5	5218.74	6599.02	12281.86	25328.84	18156.79	8430.63	10077.81	31257.1	26553.34	25435.2	31056.07	16585.46	14474.95	1339.63	1042.58	12649.25	18218.93	2752.0	6163.43	10624.38	15731.17	17548.27	21884.99	9451.41	17502.31	7576.98	11233.69	4926.0	6094.0	16818.27	22365.96	13810.36	21814.29	4031.88	2427.82	7804.11	9289.83	12956.91	10112.63	6464.01	17083.39	19390.46	6703.54	14121.66	19999.31	11088.34	24674.26	19910.45	17028.58	15899.28	24796.59	14212.98	2769.25	7774.26	3957.68	6113.92	16192.94	15483.14	18044.22	12168.57	26255.42	24504.19	22617.64	7127.21	15212.02	8166.92	38930.95	18498.29	25602.49	5840.08	5006.26	2455.53	14651.66	12601.94	12477.32	9067.46	9945.76	12239.72	11770.79	19671.73	17942.55	8389.97	9368.66	28877.94	23060.63	18031.62	14368.67	10398.56	5839.19	23885.4	20994.91	17850.12	5184.19	6419.96	6541.33	6457.79	4822.58	8143.92
MF0079	621.0	20584.0	216.0	2120.0	498.0	434.0	770.0	1516.0	765.0	1690.0	113.0	445.0	163.0	87.0	323.0	488.0	303.0	8746.0	220.0	847.0	13449.0	683.0	333.0	138.0	92.0	161.0	608.0	596.0	534.0	407.0	447.0	1214.0	401.0	435.0	1073.0	490.0	500.0	124.0	121.0	933.0	1299.0	763.0	153.0	149.0	71.0	328.0	151.0	163.0	483.0	212.0	64.0	55.0	204.0	655.0	1951.0	264.0	291.0	898.0	4920.0	517.0	8956.0	894.0	73.0	116.0	134.0	232.0	541.0	22.0	381.0	142.0	193.0	331.0	717.0	68.0	350.0	175.0	35.0	174.0	666.0	129.0	135.0	360.0	118.0	427.0	1087.0	2530.0	2087.0	632.0	4084.0	1198.0	454.0	317.0	121.0	1142.0	414.0	674.0	6949.0	4708.0	168.0	619.0	301.0	254.0	242.0	1053.0	492.0	1718.0	451.0	3996.0
MF0076	1278.79	5154.5	1551.0	847.625	348.08000000000004	625.25	1080.75	3698.5	2027.0	776.96	883.5	1844.0	221.5	639.25	1052.0	849.335	4235.0	1196.5	954.5	1146.5	342.5	1525.5	2079.5	18479.0	17620.0	1014.5	3396.25	13108.5	10909.0	969.0	200.16500000000002	1929.0	943.25	1597.75	772.665	1470.915	902.085	8051.5	8740.0	880.5	694.0	289.5	755.5	11224.0	3532.0	5101.0	961.25	1077.5	3039.0	1179.5	1100.915	3135.25	1698.5	879.5	12851.0	458.995	4491.5	1747.0	16939.0	1999.25	22828.0	1179.0	388.5	855.0	7742.0	5648.0	1102.75	377.5	1167.0	522.165	828.085	814.0	807.335	1611.5	816.0	1331.0	2002.75	762.0	435.91499999999996	1987.5	3798.0	2951.5	981.0	810.75	481.08500000000004	1524.0	1647.5	1137.5	3069.5	3953.585	1035.165	5140.5	5032.5	1156.165	669.335	840.585	16746.0	14144.0	4607.0	3201.0	2452.5	2781.0	1666.0	3621.0	1416.75	3772.5	1618.5	2953.0
MF0033	18488.21	25778.88	16009.88	14396.16	11672.42	17807.455	14634.575	11063.28	8321.885	15814.795	7656.205	7021.215	14053.26	16997.38	16005.89	21129.895	13557.325	21534.55	19067.085	21095.22	19595.045	17550.605	16262.18	36645.65	35229.705	16386.120000000003	19277.385	26943.875	23058.425	15615.985	22174.085	15016.095	0.0	16952.075	18490.61	14382.95	14261.475	17510.335	19857.185	11197.345	15099.61	8257.725	16839.68	24488.105	8456.12	15518.975	13245.58	14631.2	11019.315	5193.09	11690.685	0.0	7404.23	16879.585	33775.36	12462.42	21902.5	18258.685	29029.415	15069.85	40892.13	16162.37	2294.625	7272.34	11750.465	12171.67	23212.425	9769.605	15113.28	15727.575	17629.04	18084.925	20186.82	7709.105	18941.26	8910.705	0.0	29686.435	21669.035	6942.58	8700.465	6111.02	10912.125	11783.51	15246.66	8466.81	8245.34	24651.24	11619.85	36943.16	26448.44	12350.02	11988.535	23301.845	17452.735	26362.27	23043.84	19252.455	9597.015	18013.835	14972.16	13792.48	6317.965	11742.525	6636.535	9270.73	6080.955	9486.63
MF0077	2310.8333333333335	14228.666666666666	883.5	2827.6666666666665	1148.5	875.6666666666666	1702.3333333333333	3557.1666666666665	1815.5833333333333	2792.75	3875.0	2194.5	9307.166666666666	1562.5833333333333	1138.5	14870.166666666666	3227.1666666666665	8850.5	1289.0	1652.0	10406.75	1201.8333333333333	1025.0	143.66666666666666	230.91666666666666	9884.166666666666	7076.75	675.0	544.5	7669.666666666667	12205.833333333334	2489.0	1516.5	1291.0	2057.3333333333335	2951.4166666666665	1989.0	1049.4166666666667	615.75	1788.0	3958.25	1275.3333333333333	1843.0	752.0	545.25	1583.5833333333333	5579.5	3527.3333333333335	2482.8333333333335	1302.1666666666667	1025.5833333333333	283.6666666666667	2628.3333333333335	5336.833333333333	3055.0	821.8333333333334	615.6666666666666	2682.5	3227.6666666666665	1443.5	5128.333333333333	6363.833333333333	769.25	1207.0833333333333	1053.5833333333333	832.6666666666666	2705.4166666666665	680.5	2088.5	2538.8333333333335	1218.0	2165.3333333333335	3205.1666666666665	1895.4166666666667	8718.0	2233.5833333333335	1185.25	12201.583333333334	5928.0	2055.5	552.6666666666666	601.1666666666666	904.75	1128.0	2115.3333333333335	3483.0	2658.8333333333335	8663.5	3936.4166666666665	2333.25	13271.166666666666	1482.6666666666667	1821.3333333333333	1302.6666666666667	697.3333333333334	1414.0	2623.0	1991.5	2445.1666666666665	1002.4166666666666	604.6666666666666	641.8333333333334	1609.0	1116.6666666666667	1453.0	1414.1666666666667	1764.6666666666667	4023.3333333333335
MF0029	16067.26	50174.69	25016.17	22674.91	13920.36	20959.83	26744.89	38726.88	19236.86	20156.33	55843.24	26887.19	137052.86	19803.67	20288.71	30571.8	44963.14	47489.6	19134.34	21163.37	60928.9	11687.96	11217.62	1096.71	2726.5	144750.24	23609.26	5461.0	4980.76	113674.21	179936.92	17515.94	23985.49	9928.16	17461.81	9430.06	13080.94	14125.33	7766.53	11990.1	48072.46	5286.86	14022.96	9643.88	7499.57	21392.86	12349.0	11189.83	31851.71	17308.76	20869.06	11435.71	36539.79	20447.91	31719.81	11819.92	12398.76	19087.7	20940.0	13587.03	15513.26	18622.48	10055.0	16070.43	14333.43	11708.0	38502.86	15469.56	30793.72	11759.74	21835.09	26278.19	23680.81	27754.29	24118.6	26169.17	26871.2	193453.21	30850.99	30463.0	7458.01	4347.86	17809.41	16004.69	19447.74	34043.71	24671.51	23458.97	29039.21	20969.56	32285.3	12507.14	25657.83	24733.19	21402.63	14920.37	9451.84	9181.89	35964.27	20607.73	17364.91	15568.87	21681.86	9742.79	17777.0	9049.29	23025.0	33086.0
MF0041	10158.451666666666	10818.794999999998	4864.835	7352.753333333334	3218.4700000000003	3661.5	5341.38	3600.383333333333	2839.0733333333333	5461.675	2585.1583333333333	2104.291666666667	5084.441666666667	5195.46	7160.24	16970.65	4004.2516666666666	4769.835	5470.165	6959.07	3311.925	8729.676666666666	7709.638333333333	1641.085	1289.915	6380.213333333333	13560.74	1520.625	3386.335	6147.856666666667	9092.960000000001	3232.21	8543.846666666666	5980.725	7385.66	6419.636666666666	7016.293333333333	3645.9983333333334	3035.92	1390.045	3063.2149999999997	1231.795	6721.825000000001	1446.0	674.9599999999999	2697.42	8001.803333333333	7147.086666666667	3523.27	2186.25	3065.825	5142.675	2211.4666666666667	9643.726666666666	10944.04	4592.745	8535.625	8434.045	9654.346666666668	5372.21	10043.598333333333	10309.779999999999	859.25	2766.71	1848.905	2857.028333333333	16005.136666666665	1475.5349999999999	5887.17	5651.66	4114.325	6996.495	8570.003333333334	2379.366666666667	12813.641666666666	3908.3216666666667	5400.5	12714.423333333334	11404.035	2082.5550000000003	2734.005	1970.9249999999997	3563.545	4325.705	8507.975	3114.5466666666666	2721.1299999999997	11969.919999999998	4033.8116666666665	17932.368333333332	18474.058333333334	5172.833333333334	2879.815	5811.08	4518.84	9911.55	13711.5	9269.5	2253.876666666667	7031.076666666666	5744.1466666666665	5224.15	2200.126666666667	6585.835	3153.2599999999998	2870.8	1774.0133333333333	3232.2366666666667
MF0085	909.2475	3095.2475	61.5	40.5	91.4975	170.75	58.0	1223.2525	632.5	116.7525	1161.75	397.74750000000006	104.2525	147.0	156.0	78.0	1854.9975	693.5025	510.0	633.75	282.9975	1123.7525	2186.4975	26216.5	25383.25	309.9975	920.4975	18380.5	13288.997500000001	1112.5	41.4975	737.25	11.25	1453.5025	42.5	815.2475	12.0	9271.2475	10700.7525	1217.7525	604.2524999999999	307.5	405.00249999999994	16110.752499999999	5025.75	7052.25	824.25	588.2475000000001	1407.5	679.2475000000001	506.75249999999994	1294.2525	578.25	479.00249999999994	6795.0	210.9975	2156.7525	797.7525	6913.5	1000.5	8841.9975	735.5024999999999	148.5	668.25	1679.25	3572.0	386.75249999999994	213.0	170.4975	147.2475	503.25	164.9975	30.0	982.5	309.2525	1160.75	737.25	346.0	21.75	95.5	1052.25	971.25	149.5	131.4975	46.5025	338.25	566.75	672.75	806.5	1061.0025	299.4975	1184.7525	1230.2475	883.4975	297.75	83.0025	5578.5	3576.75	183.0	32.25	32.25	24.75	615.75	1133.5	927.75	1275.5	864.0	1166.0
MF0086	37034.795	34091.015	32267.004999999997	23741.57	23086.34	35503.165	27623.025	17768.18	15088.525000000001	28667.335	9843.16	12400.560000000001	14607.52	33228.755	29777.535	40051.795	24843.645	34125.6	37080.67	40550.57	29637.96	33320.335	31762.989999999998	73474.545	70509.04000000001	18291.61	36849.64	53358.125	44867.97	19933.59	26847.92	28283.82	39738.855	33166.775	34905.095	27190.895	26829.325	34281.29	39396.49	20656.059999999998	24876.47	15382.325	32156.489999999998	48279.21000000001	16215.490000000002	29516.324999999997	24905.165	27504.155	19464.875	8904.43	22746.25	31717.845	12302.085	32090.17	69700.345	23639.835	45603.875	35718.245	53305.96	29063.075	88286.015	31007.115	3708.875	14134.185000000001	27795.18	24670.96	52895.854999999996	19783.09	30040.06	30292.28	34146.585	35268.6	37953.395000000004	13564.080000000002	35711.765	15392.535	49843.075	39114.875	42006.195	12491.29	18709.43	12933.785	21853.5	22778.645	30938.575000000004	14163.369999999999	13814.305	47123.605	20993.955	67315.065	51222.13	24705.67	24459.95	45655.815	34077.72	51333.665	30756.184999999998	29963.655	19189.775	37828.415	31674.945	29628.96	11327.810000000001	26343.67	12325.45	20261.71	10735.415	14701.255
MF0083	117.08000000000001	135.83	25.994999999999997	81.75	56.325	86.17	42.745	42.835	16.0	168.17000000000002	16.5	24.665	15.17	28.0	72.0	85.67	27.665	27.425	37.0	100.67	13.5	71.16499999999999	75.83500000000001	0.0	0.0	86.33	331.16499999999996	4.0	6.165	6.0	42.83	618.0	70.5	345.91499999999996	73.745	252.82999999999998	46.755	6.665	18.17	23.17	36.835	46.5	91.66499999999999	14.334999999999999	0.0	25.5	61.0	83.58500000000001	16.0	14.165	45.415	45.92	17.5	112.67	99.0	119.66	49.925	119.16999999999999	29.5	79.0	8.665	86.17	6.0	0.0	0.0	0.0	60.415	23.5	43.585	78.83	83.755	70.5	133.17	0.0	105.5	42.33	44.75	28.0	69.83	4.5	23.505000000000003	19.5	38.004999999999995	127.07499999999999	151.17000000000002	6.33	11.17	121.0	17.33	444.41999999999996	167.83	169.33499999999998	17.165	70.33	55.755	238.17000000000002	19.585	15.335	7.585	84.255	49.995000000000005	74.505	20.665	22.835	18.0	10.5	7.0	16.0
MF0040	2032.665	17699.19	349.0	1362.71	957.43	1060.76	718.29	2251.38	1332.19	1770.53	154.14	1097.19	187.29	1646.5	489.0	21141.5	459.38	5940.43	1147.5	1297.9	7124.24	546.835	628.165	147.38	75.33	239.38	9813.665	350.0	714.1	511.38	388.29	2378.47	660.5	1049.335	1240.71	3506.665	1658.5	173.67	207.53	855.1	764.29	868.86	2164.335	239.835	69.5	705.5	7918.0	4908.165	728.38	770.665	1115.335	331.14	387.29	7113.835	1465.71	759.665	748.29	3676.335	7175.33	2764.5	8548.76	8881.335	257.0	203.76	208.43	279.67	460.62	290.19	554.29	3381.165	1361.5	2229.165	3309.0	94.96	12090.835	636.5	1145.0	190.04	7258.5	136.33	317.5	288.53	270.71	433.86	796.9	1462.71	1345.71	11760.5	2394.04	1078.96	18685.665	1057.835	291.33	850.86	347.43	875.835	12154.47	7625.96	189.24	901.1	586.71	520.57	408.5	860.96	882.5	1033.29	307.33	2649.67
MF0084	7.0	9.0	13.0	19.0	4.0	8.0	14.0	53.0	16.0	7.0	30.0	28.0	65.0	4.0	45.0	11.0	43.0	5.0	2.0	86.0	5.0	9.0	9.0	13.0	7.0	161.0	608.0	12.0	8.0	6.0	7.0	1214.0	0.0	8.0	0.0	13.0	2.0	7.0	18.0	37.0	38.0	80.0	13.0	27.0	10.0	9.0	11.0	13.0	78.0	13.0	27.0	0.0	18.0	43.0	4.0	13.0	3.0	13.0	41.0	47.0	8.0	22.0	13.0	24.0	27.0	15.0	16.0	10.0	18.0	8.0	27.0	22.0	9.0	8.0	26.0	56.0	0.0	11.0	9.0	3.0	3.0	16.0	12.0	6.0	12.0	12.0	30.0	50.0	85.0	87.0	103.0	306.0	32.0	0.0	3.0	2.0	13.0	21.0	8.0	38.0	10.0	7.0	16.0	14.0	28.0	6.0	9.0	9.0
MF0082	213.75	11.0	45.25	225.5	19.25	37.5	111.25	54.5	16.0	48.75	32.5	31.25	65.75	33.25	86.5	94.25	47.25	7.75	42.0	103.5	5.75	147.25	145.0	13.0	7.0	166.0	651.0	12.0	8.0	7.5	19.25	1260.0	0.0	174.0	0.0	172.25	90.5	7.0	18.0	37.0	38.75	80.0	99.5	31.0	10.0	22.5	132.25	161.5	80.75	18.0	42.0	0.0	19.0	86.25	86.0	64.75	36.0	44.25	47.0	69.75	10.5	44.25	13.0	26.75	27.0	15.0	86.25	27.5	100.25	86.75	88.5	65.5	140.75	10.0	111.5	73.75	0.0	11.25	91.0	5.75	8.5	22.25	22.25	44.5	48.0	12.0	30.5	167.75	85.0	796.0	350.5	321.0	32.5	0.0	38.0	61.75	20.25	23.25	13.25	126.25	80.75	79.75	25.5	19.0	28.0	6.0	9.0	9.0
MF0080	4212.875	3054.5	450.25	2208.0	544.25	633.0	814.375	959.125	632.25	1453.25	300.0	148.875	553.75	565.75	1618.25	0.0	221.0	822.5	1072.0	1471.875	251.625	2478.625	2083.375	94.0	96.625	1041.625	1441.375	124.375	583.625	1825.125	2044.0	591.125	0.0	1139.125	1173.625	1689.75	1470.375	71.625	152.375	41.625	274.0	0.0	947.375	0.0	81.75	0.0	902.25	1443.25	822.0	359.25	1117.125	0.0	0.0	1670.25	1287.125	0.0	782.625	0.0	4147.875	1284.375	1302.25	1098.125	0.0	1113.25	378.0	494.125	10445.25	363.375	2569.0	0.0	0.0	645.0	1388.75	322.375	1284.0	416.125	292.125	4283.5	702.125	129.875	0.0	200.75	857.0	630.375	4310.5	780.0	476.625	0.0	1209.25	0.0	1530.0	1316.625	116.375	756.875	0.0	1118.625	6988.25	4732.5	243.75	633.5	394.625	358.5	0.0	3429.625	0.0	1129.75	0.0	912.25
MF0005	16310.58	20042.11	22491.59	9308.16	14921.86	24273.41	16015.39	7892.71	8625.69	18673.0	6102.14	6270.52	13667.79	24911.34	17582.79	7821.13	9816.31	29729.43	25932.34	24402.2	26247.32	15313.96	14178.91	35042.17	34047.58	14564.21	16508.93	24576.25	17846.75	21520.92	22635.04	15387.27	21064.49	8638.41	15548.31	6626.48	9249.69	12451.75	14729.59	12640.68	17932.29	10624.36	21181.29	21995.17	6893.0	11350.75	8686.33	12219.91	10377.46	5994.18	16384.39	19158.46	6720.29	12988.16	18229.31	10312.84	24072.26	18324.95	10412.0	14212.78	17984.59	13112.48	2647.25	9837.93	4314.68	12501.42	30396.0	15367.14	17452.72	11656.07	25365.42	24039.19	21346.14	7970.29	14522.02	7897.42	38646.95	53330.29	24819.49	5992.0	5016.0	3377.17	14494.16	12090.94	15142.5	8637.46	8703.71	11168.22	11175.46	16457.73	16376.55	7502.82	9117.66	27758.94	22385.63	15803.12	2995.33	2825.79	5477.82	23093.9	20509.41	17362.62	5100.11	11889.54	7749.75	7342.29	5469.75	5887.25
MF0049	33489.805	33620.28	16583.57	22514.74	16365.17	24370.015	18665.739999999998	8275.41	4427.995	22076.239999999998	5939.68	3778.865	10289.380000000001	19514.199999999997	24215.805	40798.565	8601.12	16372.485	22787.14	29600.415	12631.835	27514.600000000002	23658.595	18255.235	17670.705	13854.495	26045.775	13569.5	12172.23	16813.82	26109.085	20862.53	35941.86	32950.19	33460.604999999996	27093.755	27739.29	9783.21	11272.920000000002	6335.735000000001	7473.57	5652.295	22142.670000000002	12256.23	4142.150000000001	11046.255000000001	20725.995	22038.24	6362.0650000000005	2815.23	13353.755000000001	12743.505	3572.105	27951.52	27156.275	22627.33	20845.165	29371.7	18284.0	25341.364999999998	19099.73	26654.46	1039.375	6541.025000000001	3641.27	5812.17	52306.67	8885.21	19587.659999999996	29532.995	20512.165	22696.035000000003	30496.285	4127.395	29196.395	7127.9349999999995	23453.975	39872.354999999996	31794.195	4411.58	8041.805	5687.049999999999	12020.05	16978.03	31440.275	6317.555	4519.555	49167.565	8949.93	76030.2	47071.215	10274.295	4084.075	31563.705	23296.754999999997	56034.77	26554.989999999998	18784.005	4229.965	17278.11	14108.404999999999	13055.43	4547.275	16976.03	6463.325	7141.855	3532.245	7399.925
MF0006	86201.77	97661.3	94828.64	64069.83	74986.4	108524.37	79829.35	41729.65	46274.58	89801.64	28425.91	34054.31	62947.89	107775.72	82017.81	46519.3	54204.62	127437.14	115448.89	120186.74	124166.84	87723.83	75812.44	43241.37	40180.48	69495.09	79905.07	38788.75	52372.56	61190.88	89704.64	89813.15	108993.62	69731.55	90521.5	55059.56	60007.76	41550.76	53205.88	65180.08	88446.94	56719.87	101275.28	41373.1	18849.96	49982.62	47947.98	64939.53	51778.36	31341.55	73450.76	81499.94	34584.41	74605.69	117754.33	60866.82	116650.46	97621.32	73818.49	72581.81	128364.29	61509.89	13993.0	42393.8	23673.05	38148.02	96359.8	72690.05	88639.74	66641.32	113392.7	99955.9	96449.92	38773.91	73369.74	44817.84	162709.5	126566.33	105268.81	29524.48	30882.69	18684.64	68080.7	66066.25	70623.95	39442.0	44941.44	77713.23	51244.49	135590.94	90055.43	46802.91	53871.71	135369.09	106848.15	119803.52	41990.75	41801.29	31093.81	100646.7	86658.5	75347.3	27523.48	37774.51	33162.21	32392.91	25582.23	32482.78
MF0047	31382.51	52996.32	25462.129999999997	25173.65	23259.02	30944.04	25509.01	17443.535	16456.08	29331.54	14292.779999999999	12830.115000000002	33566.115	29351.214999999997	25396.765	37299.03	18526.55	50902.899999999994	31138.339999999997	35459.965000000004	53312.33	28836.77	23980.095	2032.275	1886.665	36167.315	29823.605	4593.25	9608.310000000001	32835.82	50225.09	28103.165	36343.725	31027.434999999998	34657.29	24493.510000000002	24457.88	8594.54	10628.42	21299.15	32086.24	18191.13	30580.175000000003	7179.8150000000005	4414.775	15774.130000000001	22568.415	24664.115	19109.605	10998.77	21450.36	19842.615	14001.73	32541.164999999997	33741.875	23117.420000000002	31040.879999999997	33526.76	23865.46	26009.09	37246.229999999996	28396.895	5077.5	15676.775000000001	7753.395	11450.46	44770.615000000005	21107.37	29269.09	30549.61	32346.715	27419.365	30928.385	14354.35	34856.520000000004	16595.91	40628.549999999996	66376.73	36255.98	10935.54	7299.395	4525.965	20206.04	22016.49	29672.985	17769.015	17177.395	45179.340000000004	21879.975	61114.885	46602.74	14154.529999999999	16823.575	41050.245	31196.37	51382.265	12961.689999999999	10380.685	11807.869999999999	26552.74	21972.190000000002	19658.355	10881.53	16951.525	12991.075	12488.105	10183.54	15518.880000000001
MF0004	6748.11	16383.47	9479.42	6868.57	10031.42	9688.66	9176.61	7012.67	8389.97	9212.07	2548.3499999999995	6036.22	6093.724999999999	8563.3	5423.4	2644.67	4416.525	22875.03	9773.18	10052.345000000001	23908.56	6961.41	5739.75	1144.17	0.0	6349.9	7372.700000000001	0.0	5273.36	9920.42	14706.93	22547.88	10358.48	9580.06	10417.45	7164.46	6673.8	0.0	5882.97	6067.575	8483.600000000002	5238.9	6112.555	2095.21	1219.07	4231.110000000001	2417.5	3361.045	9080.67	3505.055	5770.93	5765.33	3401.35	7137.725	11306.62	4064.1800000000003	11209.35	10029.45	10227.75	5003.450000000001	18093.86	5254.025	1447.75	3873.45	3529.36	0.0	11736.4	11420.87	14552.84	4173.775	8762.645	6311.07	5671.29	3558.975	6238.53	3799.005	14594.9	18028.42	7485.81	4123.25	1696.44	1125.22	7147.99	6703.3	5224.89	7074.5	8178.94	6214.799999999999	8871.25	9168.35	6325.049999999999	3851.675	4696.0	15685.47	12381.93	13043.65	1207.35	1756.95	4683.46	10421.38	8441.15	7241.66	2586.525	4768.25	3580.0	5108.58	4520.25	5239.25
MF0048	37808.08	39986.09	31668.75	32068.48	26471.98	39973.09	31263.32	16785.23	14173.44	35983.09	15508.08	11764.93	28322.18	34172.59	34963.11	21479.63	24274.65	40248.94	39300.0	44425.61	39175.11	38037.87	34390.7	72940.63	70129.08	33511.73	30124.77	54161.75	46459.18	30978.97	46830.67	32592.2	45143.72	44913.3	46116.54	29891.23	31433.8	36455.0	42149.2	19439.52	25758.23	15465.79	33909.68	48746.04	16937.91	32253.79	21515.83	28762.07	19346.79	10587.35	24577.85	27001.23	12848.13	33380.68	59617.88	31434.66	41520.83	40411.04	36475.67	36100.87	61779.77	30599.75	4507.25	14249.19	11987.93	19847.17	46826.51	19549.37	29909.74	38894.82	37828.42	35296.85	40182.32	14317.37	29627.34	17598.06	47207.45	60237.54	39567.06	11481.33	16684.44	11540.21	21242.43	27001.01	34056.66	14799.44	14908.19	51750.99	19976.36	98098.32	37923.71	20831.2	19589.07	50232.69	37453.65	73842.21	27227.87	25290.76	12878.87	32409.19	27010.14	23737.64	11676.92	18054.89	13451.9	13840.13	10641.08	15742.76
MF0001	2795.94	18936.3	5440.85	5649.27	4704.15	4689.65	5506.04	7776.84	8892.22	4734.79	5100.58	6257.05	12362.45	4867.94	3636.67	1292.24	7799.05	25970.87	5155.88	6115.88	25070.31	2563.41	2769.75	1979.17	1458.25	12644.6	5565.69	3187.0	7601.19	12712.42	16284.06	4644.68	4730.18	4439.26	5741.88	3404.34	2697.27	6014.33	7684.39	12385.03	17255.25	10366.22	3997.41	4124.09	2537.39	8006.97	1872.5	3194.42	10015.17	6727.44	6716.21	3286.4	6831.83	6413.5	11915.72	4148.22	6221.49	7682.58	14576.25	5379.91	25410.69	4140.89	2877.75	7781.86	4555.61	7697.25	4787.86	6544.07	4060.55	3437.35	7303.32	4676.39	4326.06	7464.83	4854.44	7180.85	7793.85	30877.67	4584.34	4849.25	3637.91	2659.72	5511.11	4318.96	3642.56	7449.33	8756.91	4749.59	10029.33	6636.55	3292.42	6511.01	10843.83	9202.8	7377.8	6976.52	10778.72	10659.22	5800.83	6114.6	4713.18	4443.13	4922.88	5436.42	6803.0	5837.08	5014.25	6257.75
MF0045	16642.760000000002	30318.355	23229.755	12430.66	15929.86	25298.745	17796.39	11014.215	10180.525	20675.665	7976.49	7859.355	19086.11	26293.755	20069.625	20277.465	12708.225	29604.85	27584.34	26732.035	30336.235	17468.96	14871.285	1744.295	1397.665	19890.825	22814.845	3228.5	7413.595	15980.295	24687.92	16544.105	23657.49	10011.91	18131.56	9910.395	12524.19	5815.165	7359.365	15172.435	22173.71	12731.86	23055.125	4534.63	2847.82	8827.61	13562.165	16162.495	11640.795	7343.51	17909.975	19691.71	8529.29	18084.41	22827.06	11831.755	25225.26	21415.95	18624.915	16566.28	25890.175	18269.73	3310.25	8573.595000000001	4915.18	6898.585	17303.525	15900.725	19124.47	14260.655	27188.255	25767.19	24627.725	8621.375	21953.435	9893.92	39812.95	27921.375	29291.74	7593.415	6480.51	3530.195	15410.91	13513.69	13773.405	9901.46	10700.76	18626.72	12177.875	22798.395	27859.05	9742.555	11432.245	29003.94	23231.63	18246.37	16758.255	13655.225	8072.105	24145.815	21224.91	18118.37	6356.025	6739.375	7388.165	6535.29	5889.415	9020.085
MF0089	6504.865	1161.99	1330.25	5160.16	1806.06	2029.67	2506.885	299.135	262.25	3761.59	363.17	105.53500000000001	624.245	1725.75	4333.41	3543.58	606.0	302.16999999999996	2765.83	3731.535	203.805	5337.795	4375.035	16.0	54.125	1107.615	1950.875	30.375	70.95500000000001	1674.795	2651.83	1883.465	4389.615	3142.285	4249.285	4328.58	4735.885	35.955	176.54500000000002	171.46	257.345	248.215	2830.535	224.75	72.92	1234.7150000000001	2524.75	4366.24	465.83	428.25	1646.445	929.0550000000001	189.795	3672.93	3156.785	2370.91	2415.785	3975.715	337.545	2684.045	154.42000000000002	2464.3050000000003	54.375	1185.09	186.0	155.125	11432.25	626.865	3068.67	2363.205	2488.33	1903.49	4207.42	377.705	3314.5	987.615	865.625	4235.5	2424.955	220.875	619.4200000000001	593.0899999999999	1303.3400000000001	2137.035	5935.84	583.1600000000001	214.71	3497.885	868.915	14248.84	4095.16	1606.285	116.535	2650.205	2216.84	5548.965	350.43000000000006	220.18	208.92000000000002	1809.3500000000001	1207.285	1219.8400000000001	480.03499999999997	3217.295	1282.7849999999999	969.92	266.25	215.42
MF0002	13459.57	8055.32	17686.37	12989.52	11736.23	21504.63	12781.21	7288.93	4670.75	14757.76	4168.44	4935.41	1428.22	21142.37	14686.71	13376.62	12140.94	7935.66	22832.74	19847.47	2737.86	17992.09	18236.57	70867.5	68461.0	6024.27	13694.93	49665.25	36439.25	6785.59	8814.3	18960.23	22573.93	27538.77	21269.51	20441.05	17429.23	28320.0	31910.5	5038.25	3511.77	2899.93	17000.29	43987.16	13537.09	20926.18	9735.5	11745.48	7239.16	2534.34	11677.59	16819.34	4461.09	14387.62	44140.67	15647.3	20096.69	17518.19	27657.09	16178.69	47684.68	10870.37	778.5	3332.93	16965.25	15748.75	10877.49	10221.46	13981.09	17293.95	19546.69	20161.86	18057.51	4948.66	10922.5	6753.42	33427.6	15527.25	20859.89	4588.75	10065.8	7991.18	10467.31	12398.25	10790.84	3486.66	3068.05	27611.17	6396.75	54951.69	19583.56	14071.13	10540.41	21969.25	15514.54	43077.29	8169.72	9522.12	8702.2	18683.83	17148.31	14264.97	5615.41	10869.75	4610.57	9465.34	4937.0	5971.84
MF0046	6862.77	21015.96	10843.16	7934.87	7662.62	7807.84	9017.68	12437.18	10749.55	7238.53	5063.88	8518.71	12307.32	8241.91	5278.5	2258.13	13953.35	22940.7	8266.48	9614.77	23812.47	5004.92	4512.57	3842.34	2763.58	12968.7	10930.69	4674.0	10850.19	10040.09	14518.29	17747.41	6689.78	7864.37	7797.02	5755.24	4565.83	9565.33	10825.23	12082.37	17006.42	10322.22	6485.25	4929.26	2822.39	8278.97	2981.33	3953.24	13023.84	7190.77	8056.35	9182.27	9042.83	8422.97	28853.02	4794.46	15100.22	11052.05	33457.58	6995.21	54324.35	6184.86	3192.25	8391.19	17130.11	12304.92	10063.4	9227.0	9820.34	4448.11	9812.71	7826.38	5833.85	9103.5	7015.12	8287.99	14388.95	19521.5	6674.78	8575.58	10115.97	7310.89	7900.87	6838.13	4694.56	9275.17	10723.47	6844.79	13833.5	11325.69	6384.45	13702.21	18915.99	13434.13	10505.06	10887.79	28997.31	28439.35	14527.26	14561.33	11381.12	11065.19	7124.05	9861.25	7620.33	11031.08	6677.58	9126.92
MF0043	122.5	1051.5	65.5	494.0	34.0	56.0	377.5	164.5	64.0	134.0	0.0	13.0	0.0	0.0	43.0	31.5	0.0	1564.5	134.5	104.5	594.0	66.5	72.0	0.0	0.0	176.5	110.5	2.0	19.5	1388.5	1146.0	191.5	58.5	165.0	235.5	153.0	61.0	0.0	12.0	185.0	156.0	103.0	32.5	0.0	0.0	31.5	20.0	26.5	169.5	33.0	74.5	0.0	63.0	151.0	0.0	114.5	0.0	71.0	0.0	63.5	30.5	33.0	2.5	0.0	0.0	618.0	328.0	362.0	145.0	43.0	58.0	92.0	278.5	0.0	40.5	17.5	0.0	0.0	114.5	92.5	24.0	76.0	336.0	175.5	188.0	107.5	37.0	150.5	212.0	293.0	108.0	118.0	0.0	165.5	168.5	312.5	16.5	13.0	44.5	211.0	122.5	88.5	36.5	302.5	99.0	117.5	149.5	108.0
MF0087	16234.24	5412.0	2562.67	9607.66	3895.48	3895.5	4654.43	1623.0	837.5	6137.34	837.17	241.91	1225.83	6062.0	8652.66	32275.33	1405.0	1656.0	6844.83	8697.24	475.26	11350.59	9481.24	181.0	156.25	2971.74	18670.42	235.75	1101.0	3461.92	5645.33	3858.59	13349.49	9002.08	8646.58	16665.33	12313.59	208.58	496.42	324.42	890.18	456.09	9561.58	357.5	119.17	2219.59	14193.5	15091.66	1315.83	525.0	3011.74	4138.595	331.92	16911.01	7772.41	5925.83	4399.74	10733.59	7621.0	6773.92	2520.0	15582.76	93.0	2392.84	642.0	748.75	22843.17	1191.24	6675.5	10982.08	5099.16	8087.82	15259.5	735.08	20252.33	3022.91	4941.0	8585.5	15213.58	760.75	1972.5	1644.34	2562.67	4071.08	11882.34	1575.83	699.75	23045.26	2176.5	28357.34	32285.33	4785.41	335.91	8203.58	6090.17	12504.09	13718.0	9280.0	638.5	3090.68	2152.58	2537.67	1127.58	6926.75	2100.91	2282.17	500.5	1483.0
MF0044	37880.26	41150.03	36086.68	31539.14	26900.35	39803.66	32992.55	20311.36	20259.88	33713.67	12955.32	15787.12	26180.87	36323.68	36036.9	24823.92	26113.63	53184.53	40821.84	47950.97	50267.26	38960.0	35115.48	38238.76	36562.91	30572.56	31397.12	29614.25	29313.28	27772.35	40853.01	30440.97	50020.21	38399.88	42541.69	31324.13	31552.65	23771.92	28370.48	27512.62	36529.77	23338.65	37514.64	30272.25	11566.48	27406.15	20918.66	28226.81	24055.42	13100.53	27233.16	30340.52	16405.17	33696.67	63213.19	30604.01	46139.58	40766.32	41250.75	33421.65	69818.53	26258.56	5652.75	19531.2	22003.36	22008.59	45104.37	23158.01	30047.29	32991.06	41356.5	38656.87	43812.62	18080.33	31071.03	20873.07	51121.65	57669.08	41741.39	14210.91	15091.36	10061.24	24625.5	27612.46	32903.31	18307.24	19193.11	44206.21	24466.74	88823.13	40430.43	25682.0	26974.9	56414.3	44018.44	65505.66	9810.7	12594.98	18351.72	39721.5	33142.39	31384.42	14351.95	24477.51	15986.73	19465.42	12919.66	15339.68
MF0088	15440.76	3423.19	18856.67	8404.41	13036.36	22511.33	13755.89	1320.88	350.61	17327.58	431.24	458.69	161.36	22453.92	18092.21	11594.8	3768.64	2898.1	24595.84	23736.87	412.15	16684.96	14019.62	15.71	10.75	642.24	14845.01	43.0	375.26	424.71	2745.92	13109.94	23542.49	9377.16	14167.81	9328.31	11499.94	106.58	608.78	804.1	287.21	979.86	20241.46	224.38	47.32	733.11	8644.0	12274.83	321.21	437.76	12093.81	17462.21	194.29	10370.41	13539.31	9773.92	21291.76	17118.7	512.0	14599.53	335.26	12189.98	110.75	302.18	90.18	96.5	13707.61	10470.06	15284.22	10804.74	21300.59	22302.19	22567.81	236.54	12312.6	1883.92	34246.45	142.46	23900.99	2012.0	4369.01	2117.36	10859.16	10385.69	10620.74	429.21	377.01	11081.47	249.46	22518.81	19143.8	3879.14	205.33	24127.19	19540.63	15605.37	1609.34	1503.89	1201.77	19725.98	17866.91	15182.87	853.86	1590.29	619.0	281.79	140.5	264.5
MF0052	7.0	9.0	13.0	19.0	4.0	8.0	14.0	53.0	16.0	7.0	30.0	28.0	65.0	4.0	45.0	11.0	43.0	5.0	2.0	86.0	5.0	9.0	9.0	13.0	7.0	161.0	608.0	12.0	8.0	6.0	7.0	1214.0	0.0	8.0	0.0	13.0	2.0	7.0	18.0	37.0	38.0	80.0	13.0	27.0	10.0	9.0	11.0	13.0	78.0	13.0	27.0	0.0	18.0	43.0	4.0	13.0	3.0	13.0	41.0	47.0	8.0	22.0	13.0	24.0	27.0	15.0	16.0	10.0	18.0	8.0	27.0	22.0	9.0	8.0	26.0	56.0	0.0	11.0	9.0	3.0	3.0	16.0	12.0	6.0	12.0	12.0	30.0	50.0	85.0	87.0	103.0	306.0	32.0	0.0	3.0	2.0	13.0	21.0	8.0	38.0	10.0	7.0	16.0	14.0	28.0	6.0	9.0	9.0
MF0096	16596.63375	22408.97625	20417.26625	9844.5775	13684.44	21514.60875	15225.96625	10236.3	8626.22875	16469.5625	7934.09	6977.2575	18960.885000000002	24417.985	16218.31625	28822.20125	11146.99125	24093.774999999998	24458.235	22062.800000000003	24782.18625	14534.34	12789.518750000001	1593.92375	1392.0925	20417.497499999998	26793.59125	2386.4375	5228.93875	17510.83	25979.93875	15849.92375	19632.67875	11255.97875	14788.75875	11093.6175	11180.51375	4807.625	5391.549999999999	12606.29875	19075.9025	10263.7525	21827.19125	3970.145	2470.8425	7737.7837500000005	16792.22625	17279.60875	10012.98875	6380.00875	15750.46625	16940.84	7673.827499999999	21324.265	18836.92875	10028.7925	21319.6025	19324.956250000003	20601.32	14658.932499999999	26580.231249999997	21138.0125	2892.28125	7543.8525	7524.805	6825.2825	19279.48	14182.31	16665.755	15169.498749999999	23763.1175	24308.72875	23505.372499999998	7622.05875	27609.6075	9071.805	35646.018749999996	32620.67125	31488.42375	7202.8425	5404.6075	2606.89375	13510.39	11311.8225	11415.217499999999	8668.9225	8929.7275	24525.239999999998	10670.35875	19368.146249999998	35365.40375	8858.98875	10307.185	25414.4475	20081.05125	19467.58	14054.94375	10686.185000000001	9046.67625	20775.412500000002	18308.23375	15496.98	5599.54125	8180.297500000001	6451.16375	7185.921249999999	5421.03	8778.595000000001
MF0097	1968.5	8615.0	548.5	2366.0	465.0	548.34	1163.16	1823.75	928.0	731.0	2786.25	1323.5	6826.75	1222.5	694.0	10762.75	2170.25	4285.84	1412.0	1966.34	6655.84	2821.16	1831.34	2209.34	1601.08	7213.5	4551.5	301.0	229.5	5522.75	8853.0	597.0	822.25	673.66	728.66	1737.5	1071.25	699.5	355.0	539.75	2358.5	367.0	2604.66	473.75	2536.56	1137.0	4085.25	2563.0	1553.5	826.5	697.25	203.0	7073.5	3465.25	1819.0	2558.16	651.34	1413.5	922.25	798.5	4207.0	3928.0	2885.75	790.5	5074.61	8488.42	1726.5	484.25	1288.5	1773.0	1722.34	1323.25	1837.0	1370.5	6209.0	1513.25	840.5	9056.25	3857.0	1471.5	328.5	351.5	607.5	1198.66	1638.0	1616.0	1173.25	6072.0	1984.66	6691.0	9595.0	936.0	1275.0	1648.0	1077.34	2140.5	163.25	263.0	1752.75	701.84	448.16	573.84	1080.75	506.34	848.5	867.0	1119.75	1746.0
MF0050	13239.335	20089.09	12434.085	12125.535	8706.835	14157.75	12567.990000000002	9355.07	5049.469999999999	10610.71	7402.455	5652.8	15069.26	10806.295	12527.85	18930.315	11390.49	12420.884999999998	12788.335	14956.14	10843.544999999998	11901.27	11021.849999999999	19022.69	18220.915	18055.16	15465.55	14237.875	12856.59	16835.65	24952.21	12592.93	16000.365	17391.865	14699.275000000001	13487.99	11221.185000000001	11555.0	12014.1	3553.76	6619.86	2631.475	9438.93	12537.355	4419.995	9029.6	9458.915	10149.744999999999	7523.855	3400.215	8082.935	8926.985	5957.605	13950.21	25981.86	11685.875	13168.835	14994.56	21636.625	13509.975	31295.465	14009.12	1616.5	4071.675	9996.34	8496.46	20025.55	5559.815	10641.115000000002	14553.91	11166.71	15402.009999999998	17968.74	5274.145	14820.715	5974.495	14430.6	36035.645000000004	19034.95	6747.79	8838.175	6188.1849999999995	7199.585	9358.8	11914.87	6430.85	5120.8	23147.365	8374.225	35251.575	23305.315	10304.605	8950.369999999999	18458.22	14102.82	24593.645	22382.76	19384.205	9504.14	13731.085	11348.825	10786.939999999999	5162.965	9272.525	4731.62	6621.48	4723.915	7920.42
MF0094	8276.75	706.0	841.5	4171.0	1072.5	1200.0	1500.75	348.25	484.5	2835.5	589.0	120.75	1083.5	1124.5	3229.5	2823.5	405.0	973.0	2075.0	2929.75	207.25	4810.25	4062.75	20.0	102.25	2068.25	2864.75	41.75	74.25	3276.25	3946.0	981.25	2730.25	2221.25	2305.25	3367.5	2934.75	29.25	213.75	72.25	520.0	148.75	1890.75	329.5	139.5	1916.75	1797.5	2884.5	819.0	688.5	2227.25	703.75	330.25	3337.5	2320.25	1965.5	1527.25	3597.75	715.75	2566.75	92.5	2194.25	103.75	2222.5	390.0	296.25	20503.5	683.75	4948.0	1735.75	2112.0	1283.0	2771.5	642.75	2561.0	824.25	571.25	8341.0	1400.25	248.75	318.5	397.5	1678.0	1223.75	8570.0	1115.0	346.25	2141.75	1605.5	9285.0	3053.0	2547.25	110.75	1443.75	1260.0	2192.25	271.5	206.0	220.5	1100.0	675.25	604.0	561.75	5939.25	2114.25	1852.5	492.5	350.5
MF0051	12330.17	23484.800000000003	16606.1075	9097.08	10978.310000000001	17970.2675	11922.289999999999	7338.485	6628.0375	13860.0625	5458.62	4765.14	12993.765	18553.485	13152.175000000001	16178.064999999999	8103.655	19567.91	19411.755	18311.11	18267.45	11428.55	9899.465	18487.0	17725.0	13551.994999999999	14715.630000000001	13265.0	10969.0	10899.439999999999	17034.25	11707.285	15730.9925	7099.54	11853.48	7638.655	7931.845	8695.5	9070.0	11201.8275	15035.115	9193.52	15666.380000000001	11684.0	3894.5	6647.555	10219.665	10534.869999999999	7086.514999999999	4388.05	12217.3925	14282.6775	5240.02	12386.665	16115.655	7732.2125	17973.53	13336.92	16841.5	10508.710000000001	22395.5	12229.325	1987.375	5742.34	8341.5	5939.0	11255.055	11420.8125	12957.960000000001	9041.45	18886.274999999998	17910.8125	15995.939999999999	5279.6375	15842.595	6011.21	28840.149999999998	18205.645	18407.74	4584.04	4429.13	3083.5	10799.185	9055.495	8770.029999999999	6028.73	6490.6975	14117.11	7083.145	15728.2	20105.440000000002	6941.485000000001	7696.33	20378.122499999998	16443.475	11780.6725	14305.5	12965.0	6247.0	17170.6575	15265.305	12963.092499999999	3915.595	4681.98	4303.415	4630.145	3641.79	5652.46
MF0095	10256.51	28834.77	8300.09	8466.66	8191.36	7871.41	8155.39	7889.3	8761.69	7843.5	4947.24	6142.02	12070.36	8713.34	6878.29	7019.666666666667	7383.31	28590.6	8494.34	10361.2	30654.57	7299.46	6677.45	1772.9450000000002	972.08	12221.66	12091.86	3480.5	8215.645	10115.88	14861.17	15766.27	10063.49	10332.91	10186.31	9919.96	8241.38	5928.0	8311.55	15900.77	22076.96	12581.36	9889.29	3961.38	2380.82	7735.11	5179.66	6886.82	9274.63	6152.01	7323.89	4616.96	6568.04	14012.32	13001.31	6593.34	9407.76	12394.95	14496.08	8015.28	22940.09	8988.96	2694.25	7630.26	3583.68	8245.380000000001	9095.94	8659.64	8708.22	8021.14	10332.42	9507.69	8671.28	7015.21	12513.04	7998.42	11664.95	18077.79	11634.98	4417.08	2377.26	1580.53	6192.66	6139.94	5675.32	8347.46	9333.26	11795.44	10904.79	17632.46	8915.1	6129.47	9116.66	17452.44	13028.13	15309.62	8324.17	6494.56	4700.69	8609.9	6704.41	6202.12	4971.69	5701.96	6393.33	6013.79	4740.08	7520.92
MF0092	22066.91	11178.16	14174.33	17952.16	9639.36	12341.16	15791.59	21765.09	13286.0	10323.17	11024.17	13904.58	17225.16	8923.0	11358.04	12162.13	32665.67	15680.17	11816.83	16581.58	8992.77	16010.08	16982.75	78839.0	74199.75	24274.91	20258.92	57905.75	54918.25	26032.42	33281.0	16936.27	20861.99	23164.16	17427.81	16841.23	15342.94	46310.25	48867.25	5884.25	8974.51	2622.09	8990.79	47129.83	15711.17	26029.59	7665.5	9254.33	21651.33	6840.67	8497.73	20172.76	13903.92	13019.01	88917.91	12504.09	31931.41	16288.92	85665.92	13579.53	147442.84	10973.76	3367.25	10551.84	48888.0	35317.75	51175.66	6275.74	18060.51	14859.57	7858.5	10344.33	12637.14	13693.58	8597.16	11339.57	16754.75	63974.5	11008.49	18411.75	32985.84	25071.34	12996.01	13547.41	23108.17	13967.49	12412.09	23922.97	24236.16	46028.73	16959.8	34691.24	37998.08	19617.69	13929.13	34585.37	81992.35	84337.35	35675.34	23925.02	18176.74	19967.51	12443.24	31955.59	10574.41	26454.17	12412.0	19127.17
MF0090	7893.68	30483.71	11200.59	11241.66	8042.03	8326.41	11473.39	6742.85	4542.8	10579.58	4912.55	3940.0	4856.31	7942.09	6006.79	3107.63	9737.19	17215.04	8993.84	12074.7	10869.33	8303.79	10417.62	36816.5	35172.75	8930.2	9151.35	26037.5	20995.0	15466.34	23717.38	16553.77	7584.49	10973.24	9948.81	7537.4	4816.19	16957.75	18278.75	6222.62	3880.34	6581.64	6696.62	22676.42	7119.06	16438.56	4799.83	5460.08	6297.92	2572.36	8085.97	12077.79	3466.5	8827.99	37770.43	5059.01	19639.09	10124.28	26921.0	5279.78	43701.5	6528.81	721.5	8610.45	15415.25	11901.5	14503.52	10739.64	12514.89	5765.0	9457.42	8108.36	6133.64	4055.75	7498.35	8283.56	15086.2	39455.17	7287.99	4361.0	10418.23	7025.23	9518.91	8232.61	7213.65	6237.24	3728.98	8563.22	9443.49	12275.31	6798.72	12957.95	10160.0	15565.61	10901.13	10694.45	20338.17	19402.17	9169.67	15194.15	11670.91	11526.12	4734.95	14897.96	7705.41	9361.25	3533.5	5873.51
MF0016	2349.43	1409.69	1083.34	2084.41	1127.03	1411.16	1258.89	371.67	680.19	1191.67	106.5	836.19	182.5	1901.34	1021.04	520.13	616.48	799.93	2222.34	2338.2	397.24	1910.79	1486.62	20.88	9.33	798.67	1990.6	65.0	177.17	161.38	275.09	3618.27	965.99	1900.49	1497.81	1952.9	1298.94	920.67	750.17	423.6	272.29	797.86	2044.12	111.21	17.57	681.86	1579.33	1415.33	321.38	501.43	926.22	804.54	289.29	2083.74	1732.31	1949.76	1801.59	2181.53	713.83	1215.53	2564.67	809.31	208.5	183.76	117.0	81.67	831.52	463.39	767.39	1382.24	1459.42	1754.36	2169.14	96.96	1815.6	426.67	1716.7	342.54	1996.49	144.33	312.01	291.03	514.91	1163.86	1288.4	213.21	188.51	2086.97	269.04	5276.06	2047.47	1258.3	302.33	1703.36	1400.13	3186.7	283.67	215.56	135.94	1440.9	952.41	986.87	282.19	346.17	250.33	205.0	107.83	347.67
MF0017	28446.42	22839.43	29211.09	20015.82	20306.84	32523.58	24646.65	13774.39	12835.44	24379.92	7982.91	10265.1	14048.02	29735.59	25800.95	26126.56	19610.48	29628.6	32747.17	35820.11	26268.92	27155.21	24753.53	37999.63	36233.58	17352.57	26065.1	28503.75	26558.18	18036.8	25412.17	23367.86	35411.23	27891.65	30204.22	19336.23	20555.45	21146.0	24532.7	15020.52	19265.22	12452.45	27639.03	26486.71	9422.24	19621.95	14438.33	19342.07	16080.96	7970.18	20877.54	26765.22	10267.96	23042.67	51520.72	21633.17	37583.5	30036.87	35234.0	26240.7	62648.43	21067.74	3362.25	11884.35	19547.93	18077.67	39837.52	17776.38	24993.56	25192.82	31189.75	30957.35	31811.31	11262.54	20899.85	12438.91	44844.95	40442.04	32720.07	10570.83	14757.93	9726.37	19660.25	20324.02	24986.99	11797.62	11764.18	32729.76	16906.37	55698.15	31280.83	19919.21	19598.74	40781.19	31299.97	46612.54	20951.18	19812.68	15153.86	32867.5	27879.82	25731.96	9411.1	19328.38	10269.74	14949.46	8541.08	10852.59
MF0014	4426.13	2400.095	1628.55	3621.05	1960.805	2648.7	2498.915	1840.525	1728.43	2269.815	1835.505	1557.845	482.125	2003.885	2713.935	2848.3	3773.54	3012.05	2794.935	4574.915	1254.71	4681.395	5685.975	35356.604999999996	34113.0	1512.47	3691.3	25032.75	18880.965	3003.605	1929.28	5014.29	4027.175	5180.34	3257.785	4827.264999999999	3387.875	13957.5	15997.18	2195.05	1194.315	1026.5149999999999	3298.14	21678.02	6787.62	10152.1	3020.915	3412.995	2624.52	1564.3	1765.57	2711.975	1218.98	3293.09	13826.785	2796.36	5578.775	4488.65	9420.335	3661.4	18088.135000000002	2497.71	488.75	1231.72	2879.215	5960.0	1946.045	1150.125	1337.665	2195.3900000000003	2593.11	2530.01	3773.29	1683.145	2655.715	2420.215	2880.45	7020.19	2926.01	831.75	3231.49	2767.85	1353.975	2295.01	2095.205	871.935	1133.24	4422.9400000000005	1910.27	10999.245	4487.764999999999	3682.265	2921.665	4709.43	3280.585	5912.2	6932.86	6117.085	1067.0700000000002	1943.19	1352.635	1480.42	1317.175	2265.315	1770.415	2226.98	1504.415	2068.92
MF0058	190.0	83.0	129.0	667.0	150.0	150.0	195.0	117.0	32.0	361.0	83.0	62.0	166.0	154.0	622.0	488.0	167.0	26.0	281.0	566.0	20.0	368.0	167.0	26.0	14.0	395.0	1994.0	24.0	27.0	14.0	106.0	2562.0	404.0	296.0	222.0	431.0	235.0	23.0	58.0	92.0	94.0	178.0	255.0	209.0	66.0	482.0	230.0	297.0	161.0	508.0	642.0	62.0	119.0	875.0	296.0	384.0	167.0	1174.0	113.0	1475.0	32.0	951.0	106.0	96.0	54.0	30.0	266.0	68.0	208.0	201.0	694.0	268.0	568.0	55.0	392.0	190.0	134.0	30.0	268.0	18.0	48.0	101.0	67.0	136.0	295.0	28.0	66.0	453.0	174.0	1206.0	564.0	1051.0	90.0	136.0	117.0	85.0	129.0	72.0	26.0	195.0	91.0	70.0	247.0	89.0	617.0	19.0	84.0	21.0
MF0015	13091.41	4689.16	12278.83	11221.16	5678.31	9706.34	11332.09	12398.09	7789.0	6449.67	2852.17	9382.08	1884.66	6284.5	8082.66	8248.0	18175.17	3743.67	8387.83	13211.58	1242.27	11503.58	11276.75	37910.0	36234.75	5037.91	12292.92	26193.75	19934.25	5107.42	8052.5	8057.09	14300.74	19702.07	14973.74	13149.5	11554.93	18127.25	18181.25	2771.25	2033.01	1961.09	6468.07	23854.83	7212.17	12670.59	5683.0	7113.33	10690.83	3209.67	5077.73	15608.76	8268.92	10268.51	56303.91	11465.16	23514.41	13109.42	45811.92	12908.42	84168.84	8758.26	1277.25	5351.34	38649.0	19480.75	25997.16	2084.74	8774.01	13726.75	6145.5	9547.33	11783.34	6915.58	6788.16	5799.07	9969.75	9711.0	9132.91	10249.25	15376.84	11449.84	6986.51	9746.41	13477.17	7662.49	5265.09	20795.26	12921.16	39016.67	13759.83	21499.24	21497.08	12806.75	8667.51	30646.92	12422.85	19327.85	23005.84	21315.52	16197.24	18653.01	8375.24	22230.59	5985.41	18565.17	7311.0	8671.17
MF0059	7.0	9.0	13.0	19.0	4.0	8.0	14.0	53.0	16.0	7.0	30.0	28.0	65.0	4.0	45.0	11.0	43.0	5.0	2.0	86.0	5.0	9.0	9.0	13.0	7.0	161.0	608.0	12.0	8.0	6.0	7.0	1214.0	0.0	8.0	0.0	13.0	2.0	7.0	18.0	37.0	38.0	80.0	13.0	27.0	10.0	9.0	11.0	13.0	78.0	13.0	27.0	0.0	18.0	43.0	4.0	13.0	3.0	13.0	41.0	47.0	8.0	22.0	13.0	24.0	27.0	15.0	16.0	10.0	18.0	8.0	27.0	22.0	9.0	8.0	26.0	56.0	0.0	11.0	9.0	3.0	3.0	16.0	12.0	6.0	12.0	12.0	30.0	50.0	85.0	87.0	103.0	306.0	32.0	0.0	3.0	2.0	13.0	21.0	8.0	38.0	10.0	7.0	16.0	14.0	28.0	6.0	9.0	9.0
MF0012	1639.0	1108.0	3139.33	1675.5	984.0	1148.0	2143.33	3646.0	2110.5	1143.0	166.0	2799.5	193.0	1631.0	2099.0	2973.0	5094.0	740.0	1966.0	2581.0	221.0	2321.0	2044.0	986.0	765.0	407.5	3488.5	540.0	707.0	41.0	571.0	3686.0	3292.0	2638.0	1757.0	3833.0	2157.0	1572.0	910.0	257.0	190.0	497.0	1879.0	871.0	181.0	875.0	1117.0	1573.0	2644.0	1171.0	1180.83	4465.0	2487.5	1493.0	14278.5	2049.0	5975.17	2338.0	12708.5	2303.0	24155.0	1250.0	426.5	767.0	11991.0	4797.0	1769.33	355.0	1333.17	1451.0	1179.0	1754.17	3424.0	1663.0	1442.0	1083.33	2637.0	245.0	2132.0	3177.0	4107.17	3045.5	1514.67	1458.33	1072.0	1981.33	1397.17	2686.0	3429.33	8454.0	3797.0	6500.0	6552.0	3375.0	2633.0	4137.0	3327.67	5826.67	7470.67	6358.17	4835.33	5519.67	2379.33	4763.17	1615.0	4937.0	1954.5	2235.5
MF0056	13701.26	3209.19	18537.17	6683.41	12113.86	21603.33	12625.89	1476.88	311.86	15383.83	332.24	293.69	109.36	22054.17	15550.21	7299.3	3452.64	711.6	23756.84	20379.37	294.9	14309.46	11804.12	105.21	50.0	299.74	14808.26	31.5	720.26	413.71	1620.42	12479.94	17885.49	6467.66	11186.81	5259.06	7695.44	62.83	498.03	156.6	109.96	357.36	18440.96	294.38	102.07	829.86	7625.5	10800.83	373.21	823.76	12360.06	17205.71	164.29	9534.91	11186.81	8004.92	20260.26	15821.2	4028.0	13404.03	956.26	11696.98	129.5	175.43	142.93	188.5	12567.86	10556.06	15036.72	9409.74	20801.09	21024.69	19465.81	203.29	11020.1	1326.67	34013.2	129.21	21768.99	1823.0	3941.01	1636.36	10650.91	9423.69	9437.74	374.71	488.51	8305.97	340.21	14427.06	15181.3	3787.14	206.83	20693.19	16781.13	10823.37	8353.34	6023.39	1160.77	19376.73	17600.91	14412.87	836.36	1407.79	963.5	239.29	150.5	761.5
MF0057	1193.33	163.32999999999998	399.665	1063.455	588.995	672.585	595.36	44.17	5.5	657.75	34.5	23.83	26.17	582.0	656.105	1345.085	135.32999999999998	65.755	946.5	696.27	24.950000000000003	694.9799999999999	693.3100000000001	0.0	0.0	115.28500000000001	883.8299999999999	0.0	7.33	14.5	150.375	645.0	950.495	1496.085	1201.415	1950.83	1574.085	7.33	19.17	16.17	15.67	42.5	981.8349999999999	88.775	0.0	279.5	899.5	1461.915	0.0	165.75	575.335	423.16999999999996	52.5	1245.67	571.655	654.79	666.55	1507.67	80.75	1272.75	18.795	1001.17	0.0	0.0	0.0	0.0	633.835	151.5	496.85999999999996	838.83	973.13	616.415	1343.585	0.0	1320.335	283.66499999999996	320.0	16.0	760.165	131.5	153.835	276.93	215.835	424.42499999999995	472.45500000000004	0.0	65.67500000000001	1135.5	0.0	2313.115	1396.83	560.67	33.83	1048.26	678.15	1299.77	107.585	127.11500000000001	30.585	570.585	388.665	351.835	350.01	96.98	344.5	25.5	0.0	18.5
MF0010	22208.585	27330.43	28907.275	20794.1	20811.684999999998	32260.229999999996	25605.925	14843.64	12607.775	23694.385	8417.095000000001	10330.935	13350.664999999999	27169.355000000003	28575.115	30136.089999999997	20050.665	30303.594999999998	31052.035	36551.405	26441.675	26582.545	25156.445	55014.545	52754.665	17489.85	29300.185	40087.5	34297.93	16185.3	23421.555	28411.915	39198.925	32356.93	33078.32	25832.53	24887.835	26598.0	30990.28	16002.1	19868.14	12762.37	25973.195	37069.29	12600.575	23102.620000000003	18302.915	22112.4	15756.039999999999	7966.1	19155.885000000002	24056.54	10467.045	26909.690000000002	54782.149999999994	23679.805	35645.04	31666.97	39421.42	27513.135000000002	62731.770000000004	25100.510000000002	3292.5	10400.105	19784.93	19372.335	19576.004999999997	16399.66	20656.495000000003	27603.940000000002	29586.379999999997	32581.844999999998	35891.66	11375.87	27747.015	13532.175	39754.90000000001	33686.875	37064.604999999996	10336.165	14796.895	10053.705	16822.45	20553.940000000002	17941.575	10534.37	11455.145	41944.384999999995	15211.79	67904.66500000001	39968.03	20703.605	19489.075	44474.775	34123.92	52645.990000000005	20149.305	19657.925000000003	14463.640000000001	32071.469999999998	26973.27	25457.51	9934.935	15421.71	9837.154999999999	13970.795	8854.415	11216.34
MF0054	6731.794999999999	11658.405	6595.915	5777.2575	5028.9	7430.5025000000005	6064.985000000001	4097.692499999999	3349.7625000000003	5348.049999999999	3423.8875	2645.0725	7025.87	5787.2275	7041.165	9887.865	4619.005	10887.3	6554.327499999999	8022.17	9677.7675	5647.0425	5556.662499999999	9313.835	8953.4575	8516.2775	9171.0275	7208.6875	6742.36	7384.5025	10917.1975	6466.25	9317.755000000001	8059.2775	8595.4825	6678.1849999999995	6760.0225	5280.895	6177.12	5250.28	7603.1075	4113.8275	5271.2474999999995	6934.3975	2583.89	6071.14	4794.2075	5362.6	4287.1675	3050.86	5568.4375	3887.1324999999997	3050.9375	7966.495	9612.1075	5835.197499999999	5981.99	9447.8675	8104.625	8302.032500000001	11335.1725	8156.780000000001	1152.0	3284.8825	2302.0275	3641.6675	9383.057499999999	3675.31	5465.545	6825.965	7183.76	8039.009999999999	9075.505	3178.5200000000004	8048.487499999999	3748.3075	7809.675	14729.375	9831.84	2624.9575	2905.16	1921.0575	3801.4275	4415.3025	5511.307500000001	3604.3325	3516.2225	11715.7625	4615.8324999999995	17252.34	11522.32	5108.737499999999	3984.2675	11009.720000000001	8460.975	12983.9275	6847.9974999999995	5533.882500000001	2816.7325	6253.545	5278.8825	4742.8825	2788.1150000000002	4094.1675	3699.185	2954.5625	2396.145	3582.8975
MF0098	996.3866666666667	4331.053333333333	876.8333333333334	2031.22	823.66	811.5566666666667	1579.5033333333333	2798.1133333333332	1419.3333333333333	1900.89	3749.39	1927.4433333333334	9148.553333333333	762.3333333333334	896.5533333333333	614.61	3111.39	4209.333333333333	882.7766666666666	1285.22	3689.2833333333333	1079.5	887.4433333333333	68.16666666666667	176.66666666666666	9749.72	659.2233333333334	365.3333333333333	359.6666666666667	7458.889999999999	11984.0	543.4466666666666	1074.83	917.4966666666666	1588.8866666666665	822.6666666666666	934.8366666666667	988.0	582.8333333333334	1210.5	3294.0033333333336	743.7800000000001	649.1633333333333	640.2766666666666	496.22333333333336	1475.4466666666667	440.3333333333333	719.3866666666667	2160.7766666666666	1172.5566666666666	931.7166666666667	354.83666666666664	2484.556666666667	1132.0033333333333	2420.22	644.2766666666666	780.3299999999999	1223.0566666666666	1354.0566666666666	652.5566666666667	799.7800000000001	830.3366666666667	696.5	1120.4466666666667	949.1666666666666	710.6666666666666	2537.443333333333	654.6633333333333	2029.78	528.0	952.61	805.2199999999999	1013.2233333333334	1857.11	825.9433333333333	1816.4966666666667	685.0	12104.166666666666	1006.7766666666666	1945.0	386.72333333333336	353.6133333333334	896.7800000000001	1161.61	1581.7233333333334	2202.0533333333333	1598.0566666666666	714.0033333333334	1811.7766666666666	1543.2233333333334	862.61	926.3299999999999	1739.11	501.3333333333333	549.4466666666666	1498.39	289.72666666666663	396.22666666666663	2372.89	763.6166666666667	536.3866666666667	635.28	1462.5533333333333	620.2233333333334	1182.72	558.89	1536.5	2119.056666666667
MF0011	15852.8	23031.629999999997	15359.124999999998	13215.16	11032.999999999998	17338.71	13962.405	8389.445	6978.72	14310.71	4216.455	5450.3	7299.01	16092.545	14863.475	9568.150000000001	10859.99	20006.97	18206.335	20260.475	17247.379999999997	16379.435	14389.935000000001	19516.815	18436.79	9228.785	14440.8	14915.625	14889.84	10642.9	14291.335	13491.93	38945.73	15636.654999999999	34238.55	11949.615	12770.395	11674.25	13560.35	9886.51	12490.86	7819.475	15661.595	13467.605	4828.87	10441.475	8817.665	12338.205	8861.73	4243.09	11123.349999999999	27747.22	5356.48	13712.585	29433.86	12492.914999999999	20469.17	16906.185	23431.0	14223.6	38009.465	11635.62	1780.625	6150.175	10383.465	10304.585	14942.095	9511.69	13657.2	14072.91	16994.045	16641.595	18176.075	5951.77	12457.755	6870.535	23314.225	26815.02	17771.365	5849.415	8877.885	6151.185	10640.545	11530.839999999998	13013.155	6796.39	6881.51	18326.74	10247.515000000001	35284.325	16914.690000000002	11759.855	10821.37	43638.19	17089.905	26389.02	20059.595	18272.04	8370.35	17629.67	14721.74	13565.900000000001	5158.88	10461.67	5621.12	8388.23	4648.79	7257.795
MF0055	6971.49	6360.49	3641.33	8098.16	5410.14	7765.34	6139.84	1361.51	800.0	6777.34	678.17	1198.66	863.33	3106.0	8946.16	8748.5	1613.5	3248.34	4648.33	9885.33	1077.85	9335.0	8195.83	95.0	43.0	3592.49	5548.0	188.5	691.83	477.67	4496.83	9111.34	15476.49	18373.49	16349.49	13051.83	13111.18	2112.83	2179.67	1940.67	1312.68	3085.84	6095.99	403.5	64.17	1444.84	4644.5	7116.66	848.33	421.5	2136.65	1420.18	373.67	8383.18	8554.16	10974.99	5040.33	9955.34	1554.17	10513.67	1222.67	6369.68	152.0	533.34	331.0	271.0	2458.83	491.49	2120.34	13717.33	5237.5	5639.66	10418.84	347.33	6301.33	2179.82	1995.0	1183.5	7965.66	611.0	2369.84	1737.84	1409.51	7094.99	7229.84	411.99	427.34	20442.51	739.66	42288.84	12218.16	3799.66	834.16	12307.83	8937.01	34075.34	1072.85	826.85	423.84	3262.52	2349.99	2981.51	1445.49	1636.84	924.16	672.67	316.5	1034.17
MF0009	24858.01	77976.03	40174.75	32322.11	26293.92	36427.76	36211.87	34298.94	35932.38	25621.7	22372.72	26350.54	49601.3	31569.08	34125.9	21641.95	38026.7	105944.69	33382.64	44958.92	99605.18	27547.08	27093.07	41301.26	38830.66	54013.11	30065.04	34972.5	41689.7	49579.77	68360.71	35098.42	48920.09	40741.26	45671.84	30852.5	31044.6	33531.84	40907.56	55530.03	75298.27	45268.57	30621.22	37560.08	16154.98	39951.4	16882.83	23540.15	42143.92	23321.2	31019.64	24817.2	28803.92	35992.07	71936.84	32551.88	40527.19	39303.3	64789.0	32092.8	106785.7	24424.04	10511.5	32428.53	29742.36	35904.84	25299.13	28681.56	22923.36	32728.11	41343.7	41380.54	42200.52	31804.91	31288.19	32920.55	45273.2	109997.91	42371.94	22710.66	18630.06	12457.24	26763.3	27650.55	21576.97	31560.74	35682.56	48113.56	41779.24	82346.03	34976.87	32448.01	46218.82	67465.72	53033.24	71890.71	20985.5	24229.38	27944.02	40933.2	33688.94	32491.79	22713.87	28422.09	25173.81	28520.92	21971.83	26399.51
MF0007	2380.0	515.0	3941.6666666666665	1736.6666666666667	430.5	1176.3333333333333	2465.5	5307.5	3522.3333333333335	536.0	1679.5	3995.1666666666665	408.0	1226.6666666666667	406.5	232.0	7938.0	874.0	1605.3333333333333	1907.8333333333333	374.0	2090.8333333333335	3174.8333333333335	35921.5	34608.5	1118.5	2840.8333333333335	25029.5	18118.5	2896.0	414.0	1462.25	125.25	1913.0	239.25	1091.5	127.75	13934.0	15099.0	1669.0	825.0	549.5	480.16	21999.0	6789.0	9154.5	1060.0	704.0	5087.333333333333	1195.0	1128.5	6685.5	3743.5	772.0	23574.166666666668	360.0	9016.166666666666	1505.8333333333333	21023.833333333332	729.8333333333334	39382.333333333336	718.8333333333334	525.1666666666666	2826.3333333333335	17653.333333333332	9710.166666666666	3349.5	910.5	2064.0	212.75	538.34	1860.6666666666667	1222.84	3327.8333333333335	554.0	2202.5	3647.1666666666665	1089.5	667.66	4367.166666666667	6127.666666666667	4683.0	2906.0	1662.8333333333333	1775.5	3613.3333333333335	2414.8333333333335	905.0	6101.666666666667	1575.0	1140.5	7753.5	9675.166666666666	1183.5	387.0	263.0	5387.666666666667	8518.666666666666	10145.0	8026.0	6162.166666666667	7020.666666666667	3109.8333333333335	10883.5	2527.8333333333335	8833.0	3445.6666666666665	3931.0
MF0008	3133.5	648.25	4501.415	2641.5	2408.665	3111.585	3851.415	5154.75	3177.125	2393.875	1730.25	3499.5	307.0	2773.125	1980.75	1897.085	8701.75	1828.835	3900.0	4690.335	410.21000000000004	3755.915	4874.585	36741.25	35130.625	1848.0	6080.625	25996.5	20657.75	1517.5	618.0	6579.5	2596.25	5029.415	2018.165	4325.125	1769.085	16008.875	17573.125	1734.25	1350.375	502.5	2354.915	22224.25	6964.625	9670.625	1986.5	2028.585	5083.0	1529.75	1723.79	7184.5	3268.0	2335.0	27528.0	1890.415	11139.835	4053.75	24057.75	3016.0	42616.5	2234.5	647.375	1658.625	15081.875	10583.5	4191.04	2297.25	4770.335	1542.0	2386.585	3053.835	3158.835	3188.875	2033.915	2776.29	6271.375	1316.125	2481.165	4086.5	7988.085	6187.75	2771.96	2905.665	1535.75	2627.915	2569.835	3061.5	5168.54	7118.625	4143.5	9666.5	9907.0	4578.0	3030.335	3709.0	14776.335	16242.835	9024.835	7844.71	6103.665	6708.585	3138.165	6499.335	2083.5	7127.25	3143.75	4266.25
